"epoch","Depthwise lenet WDA - test_acc","Depthwise lenet WDA - test_acc__MIN","Depthwise lenet WDA - test_acc__MAX","Depthwise lenet WDA - _step","Depthwise lenet WDA - _step__MIN","Depthwise lenet WDA - _step__MAX"
"0","0.15734265744686127","0.15734265744686127","0.15734265744686127","0","0","0"
"1","0.15734265744686127","0.15734265744686127","0.15734265744686127","2","2","2"
"2","0.13548950850963593","0.13548950850963593","0.13548950850963593","4","4","4"
"3","0.13505244255065918","0.13505244255065918","0.13505244255065918","6","6","6"
"4","0.15340909361839294","0.15340909361839294","0.15340909361839294","8","8","8"
"5","0.2819055914878845","0.2819055914878845","0.2819055914878845","10","10","10"
"6","0.3247377574443817","0.3247377574443817","0.3247377574443817","12","12","12"
"7","0.3199300765991211","0.3199300765991211","0.3199300765991211","14","14","14"
"8","0.31381118297576904","0.31381118297576904","0.31381118297576904","16","16","16"
"9","0.310751736164093","0.310751736164093","0.310751736164093","18","18","18"
"10","0.30550700426101685","0.30550700426101685","0.30550700426101685","20","20","20"
"11","0.25218531489372253","0.25218531489372253","0.25218531489372253","22","22","22"
"12","0.2556818127632141","0.2556818127632141","0.2556818127632141","24","24","24"
"13","0.3050699234008789","0.3050699234008789","0.3050699234008789","26","26","26"
"14","0.3339160978794098","0.3339160978794098","0.3339160978794098","28","28","28"
"15","0.29326921701431274","0.29326921701431274","0.29326921701431274","30","30","30"
"16","0.30375874042510986","0.30375874042510986","0.30375874042510986","32","32","32"
"17","0.3387237787246704","0.3387237787246704","0.3387237787246704","34","34","34"
"18","0.37368881702423096","0.37368881702423096","0.37368881702423096","36","36","36"
"19","0.35227271914482117","0.35227271914482117","0.35227271914482117","38","38","38"
"20","0.38680070638656616","0.38680070638656616","0.38680070638656616","40","40","40"
"21","0.3850524425506592","0.3850524425506592","0.3850524425506592","42","42","42"
"22","0.3964160978794098","0.3964160978794098","0.3964160978794098","44","44","44"
"23","0.40646854043006897","0.40646854043006897","0.40646854043006897","46","46","46"
"24","0.4261363744735718","0.4261363744735718","0.4261363744735718","48","48","48"
"25","0.3972901999950409","0.3972901999950409","0.3972901999950409","50","50","50"
"26","0.41258740425109863","0.41258740425109863","0.41258740425109863","52","52","52"
"27","0.4532342553138733","0.4532342553138733","0.4532342553138733","54","54","54"
"28","0.30288460850715637","0.30288460850715637","0.30288460850715637","56","56","56"
"29","0.4545454680919647","0.4545454680919647","0.4545454680919647","58","58","58"
"30","0.42307692766189575","0.42307692766189575","0.42307692766189575","60","60","60"
"31","0.4925699234008789","0.4925699234008789","0.4925699234008789","62","62","62"
"32","0.3964160978794098","0.3964160978794098","0.3964160978794098","64","64","64"
"33","0.47159090638160706","0.47159090638160706","0.47159090638160706","66","66","66"
"34","0.4886363744735718","0.4886363744735718","0.4886363744735718","68","68","68"
"35","0.4925699234008789","0.4925699234008789","0.4925699234008789","70","70","70"
"36","0.5113636255264282","0.5113636255264282","0.5113636255264282","72","72","72"
"37","0.45760488510131836","0.45760488510131836","0.45760488510131836","74","74","74"
"38","0.37543705105781555","0.37543705105781555","0.37543705105781555","76","76","76"
"39","0.5096153616905212","0.5096153616905212","0.5096153616905212","78","78","78"
"40","0.5170454382896423","0.5170454382896423","0.5170454382896423","80","80","80"
"41","0.4654720425605774","0.4654720425605774","0.4654720425605774","82","82","82"
"42","0.5148601531982422","0.5148601531982422","0.5148601531982422","84","84","84"
"43","0.5139859914779663","0.5139859914779663","0.5139859914779663","86","86","86"
"44","0.565996527671814","0.565996527671814","0.565996527671814","88","88","88"
"45","0.5694929957389832","0.5694929957389832","0.5694929957389832","90","90","90"
"46","0.5550699234008789","0.5550699234008789","0.5550699234008789","92","92","92"
"47","0.5541958212852478","0.5541958212852478","0.5541958212852478","94","94","94"
"48","0.5297203063964844","0.5297203063964844","0.5297203063964844","96","96","96"
"49","0.5083041787147522","0.5083041787147522","0.5083041787147522","98","98","98"
"50","0.559003472328186","0.559003472328186","0.559003472328186","100","100","100"
"51","0.41477271914482117","0.41477271914482117","0.41477271914482117","102","102","102"
"52","0.5756118893623352","0.5756118893623352","0.5756118893623352","104","104","104"
"53","0.4825174808502197","0.4825174808502197","0.4825174808502197","106","106","106"
"54","0.5314685106277466","0.5314685106277466","0.5314685106277466","108","108","108"
"55","0.5480769276618958","0.5480769276618958","0.5480769276618958","110","110","110"
"56","0.560751736164093","0.560751736164093","0.560751736164093","112","112","112"
"57","0.5633741021156311","0.5633741021156311","0.5633741021156311","114","114","114"
"58","0.5113636255264282","0.5113636255264282","0.5113636255264282","116","116","116"
"59","0.5087412595748901","0.5087412595748901","0.5087412595748901","118","118","118"
"60","0.5839160680770874","0.5839160680770874","0.5839160680770874","120","120","120"
"61","0.6057692170143127","0.6057692170143127","0.6057692170143127","122","122","122"
"62","0.6088286638259888","0.6088286638259888","0.6088286638259888","124","124","124"
"63","0.5887237787246704","0.5887237787246704","0.5887237787246704","126","126","126"
"64","0.5869755148887634","0.5869755148887634","0.5869755148887634","128","128","128"
"65","0.6350524425506592","0.6350524425506592","0.6350524425506592","130","130","130"
"66","0.620192289352417","0.620192289352417","0.620192289352417","132","132","132"
"67","0.6184440851211548","0.6184440851211548","0.6184440851211548","134","134","134"
"68","0.6324300765991211","0.6324300765991211","0.6324300765991211","136","136","136"
"69","0.5699300765991211","0.5699300765991211","0.5699300765991211","138","138","138"
"70","0.6359265446662903","0.6359265446662903","0.6359265446662903","140","140","140"
"71","0.6092657446861267","0.6092657446861267","0.6092657446861267","142","142","142"
"72","0.617132842540741","0.617132842540741","0.617132842540741","144","144","144"
"73","0.5528846383094788","0.5528846383094788","0.5528846383094788","146","146","146"
"74","0.5856643319129944","0.5856643319129944","0.5856643319129944","148","148","148"
"75","0.564248263835907","0.564248263835907","0.564248263835907","150","150","150"
"76","0.6346153616905212","0.6346153616905212","0.6346153616905212","152","152","152"
"77","0.5804196000099182","0.5804196000099182","0.5804196000099182","154","154","154"
"78","0.46590909361839294","0.46590909361839294","0.46590909361839294","156","156","156"
"79","0.621503472328186","0.621503472328186","0.621503472328186","158","158","158"
"80","0.6446678042411804","0.6446678042411804","0.6446678042411804","160","160","160"
"81","0.5625","0.5625","0.5625","162","162","162"
"82","0.6459790468215942","0.6459790468215942","0.6459790468215942","164","164","164"
"83","0.628496527671814","0.628496527671814","0.628496527671814","166","166","166"
"84","0.6407342553138733","0.6407342553138733","0.6407342553138733","168","168","168"
"85","0.6525349617004395","0.6525349617004395","0.6525349617004395","170","170","170"
"86","0.5878496766090393","0.5878496766090393","0.5878496766090393","172","172","172"
"87","0.623688817024231","0.623688817024231","0.623688817024231","174","174","174"
"88","0.6717657446861267","0.6717657446861267","0.6717657446861267","176","176","176"
"89","0.6394230723381042","0.6394230723381042","0.6394230723381042","178","178","178"
"90","0.628496527671814","0.628496527671814","0.628496527671814","180","180","180"
"91","0.5699300765991211","0.5699300765991211","0.5699300765991211","182","182","182"
"92","0.6713286638259888","0.6713286638259888","0.6713286638259888","184","184","184"
"93","0.6494755148887634","0.6494755148887634","0.6494755148887634","186","186","186"
"94","0.6704545617103577","0.6704545617103577","0.6704545617103577","188","188","188"
"95","0.6486014127731323","0.6486014127731323","0.6486014127731323","190","190","190"
"96","0.6245629191398621","0.6245629191398621","0.6245629191398621","192","192","192"
"97","0.5895978808403015","0.5895978808403015","0.5895978808403015","194","194","194"
"98","0.5620629191398621","0.5620629191398621","0.5620629191398621","196","196","196"
"99","0.6800699234008789","0.6800699234008789","0.6800699234008789","198","198","198"
"100","0.6875","0.6875","0.6875","200","200","200"
"101","0.6354895234107971","0.6354895234107971","0.6354895234107971","202","202","202"
"102","0.6555944085121155","0.6555944085121155","0.6555944085121155","204","204","204"
"103","0.6835664510726929","0.6835664510726929","0.6835664510726929","206","206","206"
"104","0.6643356680870056","0.6643356680870056","0.6643356680870056","208","208","208"
"105","0.6660839319229126","0.6660839319229126","0.6660839319229126","210","210","210"
"106","0.6175699234008789","0.6175699234008789","0.6175699234008789","212","212","212"
"107","0.6000874042510986","0.6000874042510986","0.6000874042510986","214","214","214"
"108","0.6114510297775269","0.6114510297775269","0.6114510297775269","216","216","216"
"109","0.6735140085220337","0.6735140085220337","0.6735140085220337","218","218","218"
"110","0.6979895234107971","0.6979895234107971","0.6979895234107971","220","220","220"
"111","0.7032342553138733","0.7032342553138733","0.7032342553138733","222","222","222"
"112","0.5651223659515381","0.5651223659515381","0.5651223659515381","224","224","224"
"113","0.6289335489273071","0.6289335489273071","0.6289335489273071","226","226","226"
"114","0.6638985872268677","0.6638985872268677","0.6638985872268677","228","228","228"
"115","0.6984265446662903","0.6984265446662903","0.6984265446662903","230","230","230"
"116","0.6411713361740112","0.6411713361740112","0.6411713361740112","232","232","232"
"117","0.7014859914779663","0.7014859914779663","0.7014859914779663","234","234","234"
"118","0.685751736164093","0.685751736164093","0.685751736164093","236","236","236"
"119","0.6634615659713745","0.6634615659713745","0.6634615659713745","238","238","238"
"120","0.7084790468215942","0.7084790468215942","0.7084790468215942","240","240","240"
"121","0.7058566212654114","0.7058566212654114","0.7058566212654114","242","242","242"
"122","0.6560314893722534","0.6560314893722534","0.6560314893722534","244","244","244"
"123","0.7041084170341492","0.7041084170341492","0.7041084170341492","246","246","246"
"124","0.5961538553237915","0.5961538553237915","0.5961538553237915","248","248","248"
"125","0.693618893623352","0.693618893623352","0.693618893623352","250","250","250"
"126","0.695367157459259","0.695367157459259","0.695367157459259","252","252","252"
"127","0.7176573276519775","0.7176573276519775","0.7176573276519775","254","254","254"
"128","0.7036713361740112","0.7036713361740112","0.7036713361740112","256","256","256"
"129","0.6184440851211548","0.6184440851211548","0.6184440851211548","258","258","258"
"130","0.6359265446662903","0.6359265446662903","0.6359265446662903","260","260","260"
"131","0.6206293702125549","0.6206293702125549","0.6206293702125549","262","262","262"
"132","0.6569055914878845","0.6569055914878845","0.6569055914878845","264","264","264"
"133","0.6722028255462646","0.6722028255462646","0.6722028255462646","266","266","266"
"134","0.6787587404251099","0.6787587404251099","0.6787587404251099","268","268","268"
"135","0.6988636255264282","0.6988636255264282","0.6988636255264282","270","270","270"
"136","0.7006118893623352","0.7006118893623352","0.7006118893623352","272","272","272"
"137","0.5957167744636536","0.5957167744636536","0.5957167744636536","274","274","274"
"138","0.6678321957588196","0.6678321957588196","0.6678321957588196","276","276","276"
"139","0.7097902297973633","0.7097902297973633","0.7097902297973633","278","278","278"
"140","0.682692289352417","0.682692289352417","0.682692289352417","280","280","280"
"141","0.7233391404151917","0.7233391404151917","0.7233391404151917","282","282","282"
"142","0.7041084170341492","0.7041084170341492","0.7041084170341492","284","284","284"
"143","0.6761363744735718","0.6761363744735718","0.6761363744735718","286","286","286"
"144","0.5677447319030762","0.5677447319030762","0.5677447319030762","288","288","288"
"145","0.6700174808502197","0.6700174808502197","0.6700174808502197","290","290","290"
"146","0.7093531489372253","0.7093531489372253","0.7093531489372253","292","292","292"
"147","0.6529720425605774","0.6529720425605774","0.6529720425605774","294","294","294"
"148","0.7211538553237915","0.7211538553237915","0.7211538553237915","296","296","296"
"149","0.7124125957489014","0.7124125957489014","0.7124125957489014","298","298","298"
"150","0.6949300765991211","0.6949300765991211","0.6949300765991211","300","300","300"
"151","0.6599650382995605","0.6599650382995605","0.6599650382995605","302","302","302"
"152","0.6962412595748901","0.6962412595748901","0.6962412595748901","304","304","304"
"153","0.690996527671814","0.690996527671814","0.690996527671814","306","306","306"
"154","0.7255244851112366","0.7255244851112366","0.7255244851112366","308","308","308"
"155","0.6197552680969238","0.6197552680969238","0.6197552680969238","310","310","310"
"156","0.6350524425506592","0.6350524425506592","0.6350524425506592","312","312","312"
"157","0.7215909361839294","0.7215909361839294","0.7215909361839294","314","314","314"
"158","0.7154720425605774","0.7154720425605774","0.7154720425605774","316","316","316"
"159","0.7145978808403015","0.7145978808403015","0.7145978808403015","318","318","318"
"160","0.6599650382995605","0.6599650382995605","0.6599650382995605","320","320","320"
"161","0.7207167744636536","0.7207167744636536","0.7207167744636536","322","322","322"
"162","0.6717657446861267","0.6717657446861267","0.6717657446861267","324","324","324"
"163","0.6883741021156311","0.6883741021156311","0.6883741021156311","326","326","326"
"164","0.6783216595649719","0.6783216595649719","0.6783216595649719","328","328","328"
"165","0.6783216595649719","0.6783216595649719","0.6783216595649719","330","330","330"
"166","0.7342657446861267","0.7342657446861267","0.7342657446861267","332","332","332"
"167","0.7128496766090393","0.7128496766090393","0.7128496766090393","334","334","334"
"168","0.7167832255363464","0.7167832255363464","0.7167832255363464","336","336","336"
"169","0.7307692170143127","0.7307692170143127","0.7307692170143127","338","338","338"
"170","0.6577796936035156","0.6577796936035156","0.6577796936035156","340","340","340"
"171","0.7377622127532959","0.7377622127532959","0.7377622127532959","342","342","342"
"172","0.7255244851112366","0.7255244851112366","0.7255244851112366","344","344","344"
"173","0.7263985872268677","0.7263985872268677","0.7263985872268677","346","346","346"
"174","0.7027971744537354","0.7027971744537354","0.7027971744537354","348","348","348"
"175","0.6765734553337097","0.6765734553337097","0.6765734553337097","350","350","350"
"176","0.626748263835907","0.626748263835907","0.626748263835907","352","352","352"
"177","0.7176573276519775","0.7176573276519775","0.7176573276519775","354","354","354"
"178","0.7360140085220337","0.7360140085220337","0.7360140085220337","356","356","356"
"179","0.7395104765892029","0.7395104765892029","0.7395104765892029","358","358","358"
"180","0.7189685106277466","0.7189685106277466","0.7189685106277466","360","360","360"
"181","0.7351398468017578","0.7351398468017578","0.7351398468017578","362","362","362"
"182","0.7058566212654114","0.7058566212654114","0.7058566212654114","364","364","364"
"183","0.7246503233909607","0.7246503233909607","0.7246503233909607","366","366","366"
"184","0.7403846383094788","0.7403846383094788","0.7403846383094788","368","368","368"
"185","0.7373251914978027","0.7373251914978027","0.7373251914978027","370","370","370"
"186","0.6687062978744507","0.6687062978744507","0.6687062978744507","372","372","372"
"187","0.6997377872467041","0.6997377872467041","0.6997377872467041","374","374","374"
"188","0.6472902297973633","0.6472902297973633","0.6472902297973633","376","376","376"
"189","0.6402971744537354","0.6402971744537354","0.6402971744537354","378","378","378"
"190","0.7124125957489014","0.7124125957489014","0.7124125957489014","380","380","380"
"191","0.7395104765892029","0.7395104765892029","0.7395104765892029","382","382","382"
"192","0.6958041787147522","0.6958041787147522","0.6958041787147522","384","384","384"
"193","0.7285839319229126","0.7285839319229126","0.7285839319229126","386","386","386"
"194","0.6931818127632141","0.6931818127632141","0.6931818127632141","388","388","388"
"195","0.7237762212753296","0.7237762212753296","0.7237762212753296","390","390","390"
"196","0.7207167744636536","0.7207167744636536","0.7207167744636536","392","392","392"
"197","0.7294580340385437","0.7294580340385437","0.7294580340385437","394","394","394"
"198","0.7220279574394226","0.7220279574394226","0.7220279574394226","396","396","396"
"199","0.7263985872268677","0.7263985872268677","0.7263985872268677","398","398","398"
"200","0.7303321957588196","0.7303321957588196","0.7303321957588196","400","400","400"
"201","0.7202796936035156","0.7202796936035156","0.7202796936035156","402","402","402"
"202","0.7263985872268677","0.7263985872268677","0.7263985872268677","404","404","404"
"203","0.7351398468017578","0.7351398468017578","0.7351398468017578","406","406","406"
"204","0.7211538553237915","0.7211538553237915","0.7211538553237915","408","408","408"
"205","0.7272727489471436","0.7272727489471436","0.7272727489471436","410","410","410"
"206","0.7277097702026367","0.7277097702026367","0.7277097702026367","412","412","412"
"207","0.7224650382995605","0.7224650382995605","0.7224650382995605","414","414","414"
"208","0.6984265446662903","0.6984265446662903","0.6984265446662903","416","416","416"
"209","0.684440553188324","0.684440553188324","0.684440553188324","418","418","418"
"210","0.7111014127731323","0.7111014127731323","0.7111014127731323","420","420","420"
"211","0.6131992936134338","0.6131992936134338","0.6131992936134338","422","422","422"
"212","0.7373251914978027","0.7373251914978027","0.7373251914978027","424","424","424"
"213","0.7342657446861267","0.7342657446861267","0.7342657446861267","426","426","426"
"214","0.6997377872467041","0.6997377872467041","0.6997377872467041","428","428","428"
"215","0.6988636255264282","0.6988636255264282","0.6988636255264282","430","430","430"
"216","0.7207167744636536","0.7207167744636536","0.7207167744636536","432","432","432"
"217","0.7320803999900818","0.7320803999900818","0.7320803999900818","434","434","434"
"218","0.7215909361839294","0.7215909361839294","0.7215909361839294","436","436","436"
"219","0.7460664510726929","0.7460664510726929","0.7460664510726929","438","438","438"
"220","0.7386363744735718","0.7386363744735718","0.7386363744735718","440","440","440"
"221","0.7255244851112366","0.7255244851112366","0.7255244851112366","442","442","442"
"222","0.7303321957588196","0.7303321957588196","0.7303321957588196","444","444","444"
"223","0.7543706297874451","0.7543706297874451","0.7543706297874451","446","446","446"
"224","0.7014859914779663","0.7014859914779663","0.7014859914779663","448","448","448"
"225","0.7290209531784058","0.7290209531784058","0.7290209531784058","450","450","450"
"226","0.6009615659713745","0.6009615659713745","0.6009615659713745","452","452","452"
"227","0.6958041787147522","0.6958041787147522","0.6958041787147522","454","454","454"
"228","0.7215909361839294","0.7215909361839294","0.7215909361839294","456","456","456"
"229","0.7416958212852478","0.7416958212852478","0.7416958212852478","458","458","458"
"230","0.751311182975769","0.751311182975769","0.751311182975769","460","460","460"
"231","0.7373251914978027","0.7373251914978027","0.7373251914978027","462","462","462"
"232","0.7495629191398621","0.7495629191398621","0.7495629191398621","464","464","464"
"233","0.7325174808502197","0.7325174808502197","0.7325174808502197","466","466","466"
"234","0.6241258978843689","0.6241258978843689","0.6241258978843689","468","468","468"
"235","0.6193181872367859","0.6193181872367859","0.6193181872367859","470","470","470"
"236","0.679632842540741","0.679632842540741","0.679632842540741","472","472","472"
"237","0.681381106376648","0.681381106376648","0.681381106376648","474","474","474"
"238","0.6971153616905212","0.6971153616905212","0.6971153616905212","476","476","476"
"239","0.7298951148986816","0.7298951148986816","0.7298951148986816","478","478","478"
"240","0.7294580340385437","0.7294580340385437","0.7294580340385437","480","480","480"
"241","0.7403846383094788","0.7403846383094788","0.7403846383094788","482","482","482"
"242","0.7478147149085999","0.7478147149085999","0.7478147149085999","484","484","484"
"243","0.7268356680870056","0.7268356680870056","0.7268356680870056","486","486","486"
"244","0.7268356680870056","0.7268356680870056","0.7268356680870056","488","488","488"
"245","0.7456293702125549","0.7456293702125549","0.7456293702125549","490","490","490"
"246","0.7316433787345886","0.7316433787345886","0.7316433787345886","492","492","492"
"247","0.7460664510726929","0.7460664510726929","0.7460664510726929","494","494","494"
"248","0.7351398468017578","0.7351398468017578","0.7351398468017578","496","496","496"
"249","0.7386363744735718","0.7386363744735718","0.7386363744735718","498","498","498"
"250","0.7425699234008789","0.7425699234008789","0.7425699234008789","500","500","500"
"251","0.684440553188324","0.684440553188324","0.684440553188324","502","502","502"
"252","0.6988636255264282","0.6988636255264282","0.6988636255264282","504","504","504"
"253","0.6883741021156311","0.6883741021156311","0.6883741021156311","506","506","506"
"254","0.7089160680770874","0.7089160680770874","0.7089160680770874","508","508","508"
"255","0.746940553188324","0.746940553188324","0.746940553188324","510","510","510"
"256","0.7329545617103577","0.7329545617103577","0.7329545617103577","512","512","512"
"257","0.7154720425605774","0.7154720425605774","0.7154720425605774","514","514","514"
"258","0.7154720425605774","0.7154720425605774","0.7154720425605774","516","516","516"
"259","0.7006118893623352","0.7006118893623352","0.7006118893623352","518","518","518"
"260","0.7211538553237915","0.7211538553237915","0.7211538553237915","520","520","520"
"261","0.7054196000099182","0.7054196000099182","0.7054196000099182","522","522","522"
"262","0.746503472328186","0.746503472328186","0.746503472328186","524","524","524"
"263","0.753496527671814","0.753496527671814","0.753496527671814","526","526","526"
"264","0.7364510297775269","0.7364510297775269","0.7364510297775269","528","528","528"
"265","0.7312062978744507","0.7312062978744507","0.7312062978744507","530","530","530"
"266","0.7154720425605774","0.7154720425605774","0.7154720425605774","532","532","532"
"267","0.7172203063964844","0.7172203063964844","0.7172203063964844","534","534","534"
"268","0.7250874042510986","0.7250874042510986","0.7250874042510986","536","536","536"
"269","0.7246503233909607","0.7246503233909607","0.7246503233909607","538","538","538"
"270","0.7255244851112366","0.7255244851112366","0.7255244851112366","540","540","540"
"271","0.6516608595848083","0.6516608595848083","0.6516608595848083","542","542","542"
"272","0.7194055914878845","0.7194055914878845","0.7194055914878845","544","544","544"
"273","0.748688817024231","0.748688817024231","0.748688817024231","546","546","546"
"274","0.7268356680870056","0.7268356680870056","0.7268356680870056","548","548","548"
"275","0.7255244851112366","0.7255244851112366","0.7255244851112366","550","550","550"
"276","0.7478147149085999","0.7478147149085999","0.7478147149085999","552","552","552"
"277","0.7132866978645325","0.7132866978645325","0.7132866978645325","554","554","554"
"278","0.753496527671814","0.753496527671814","0.753496527671814","556","556","556"
"279","0.7447552680969238","0.7447552680969238","0.7447552680969238","558","558","558"
"280","0.7491258978843689","0.7491258978843689","0.7491258978843689","560","560","560"
"281","0.7268356680870056","0.7268356680870056","0.7268356680870056","562","562","562"
"282","0.7526223659515381","0.7526223659515381","0.7526223659515381","564","564","564"
"283","0.6979895234107971","0.6979895234107971","0.6979895234107971","566","566","566"
"284","0.689248263835907","0.689248263835907","0.689248263835907","568","568","568"
"285","0.6761363744735718","0.6761363744735718","0.6761363744735718","570","570","570"
"286","0.7368881106376648","0.7368881106376648","0.7368881106376648","572","572","572"
"287","0.7495629191398621","0.7495629191398621","0.7495629191398621","574","574","574"
"288","0.746940553188324","0.746940553188324","0.746940553188324","576","576","576"
"289","0.7381992936134338","0.7381992936134338","0.7381992936134338","578","578","578"
"290","0.6590909361839294","0.6590909361839294","0.6590909361839294","580","580","580"
"291","0.7294580340385437","0.7294580340385437","0.7294580340385437","582","582","582"
"292","0.7456293702125549","0.7456293702125549","0.7456293702125549","584","584","584"
"293","0.7434440851211548","0.7434440851211548","0.7434440851211548","586","586","586"
"294","0.7399475574493408","0.7399475574493408","0.7399475574493408","588","588","588"
"295","0.681381106376648","0.681381106376648","0.681381106376648","590","590","590"
"296","0.7412587404251099","0.7412587404251099","0.7412587404251099","592","592","592"
"297","0.751748263835907","0.751748263835907","0.751748263835907","594","594","594"
"298","0.7473776340484619","0.7473776340484619","0.7473776340484619","596","596","596"
"299","0.746940553188324","0.746940553188324","0.746940553188324","598","598","598"
"300","0.7521852850914001","0.7521852850914001","0.7521852850914001","600","600","600"
"301","0.7351398468017578","0.7351398468017578","0.7351398468017578","602","602","602"
"302","0.7447552680969238","0.7447552680969238","0.7447552680969238","604","604","604"
"303","0.7504370808601379","0.7504370808601379","0.7504370808601379","606","606","606"
"304","0.7508741021156311","0.7508741021156311","0.7508741021156311","608","608","608"
"305","0.7460664510726929","0.7460664510726929","0.7460664510726929","610","610","610"
"306","0.7495629191398621","0.7495629191398621","0.7495629191398621","612","612","612"
"307","0.7360140085220337","0.7360140085220337","0.7360140085220337","614","614","614"
"308","0.7408216595649719","0.7408216595649719","0.7408216595649719","616","616","616"
"309","0.7268356680870056","0.7268356680870056","0.7268356680870056","618","618","618"
"310","0.743881106376648","0.743881106376648","0.743881106376648","620","620","620"
"311","0.7355769276618958","0.7355769276618958","0.7355769276618958","622","622","622"
"312","0.7403846383094788","0.7403846383094788","0.7403846383094788","624","624","624"
"313","0.7443181872367859","0.7443181872367859","0.7443181872367859","626","626","626"
"314","0.7425699234008789","0.7425699234008789","0.7425699234008789","628","628","628"
"315","0.7443181872367859","0.7443181872367859","0.7443181872367859","630","630","630"
"316","0.6988636255264282","0.6988636255264282","0.6988636255264282","632","632","632"
"317","0.6000874042510986","0.6000874042510986","0.6000874042510986","634","634","634"
"318","0.690996527671814","0.690996527671814","0.690996527671814","636","636","636"
"319","0.6140734553337097","0.6140734553337097","0.6140734553337097","638","638","638"
"320","0.7277097702026367","0.7277097702026367","0.7277097702026367","640","640","640"
"321","0.7408216595649719","0.7408216595649719","0.7408216595649719","642","642","642"
"322","0.7294580340385437","0.7294580340385437","0.7294580340385437","644","644","644"
"323","0.751311182975769","0.751311182975769","0.751311182975769","646","646","646"
"324","0.7307692170143127","0.7307692170143127","0.7307692170143127","648","648","648"
"325","0.7434440851211548","0.7434440851211548","0.7434440851211548","650","650","650"
"326","0.7508741021156311","0.7508741021156311","0.7508741021156311","652","652","652"
"327","0.7478147149085999","0.7478147149085999","0.7478147149085999","654","654","654"
"328","0.7041084170341492","0.7041084170341492","0.7041084170341492","656","656","656"
"329","0.7338286638259888","0.7338286638259888","0.7338286638259888","658","658","658"
"330","0.7447552680969238","0.7447552680969238","0.7447552680969238","660","660","660"
"331","0.7495629191398621","0.7495629191398621","0.7495629191398621","662","662","662"
"332","0.7395104765892029","0.7395104765892029","0.7395104765892029","664","664","664"
"333","0.6944929957389832","0.6944929957389832","0.6944929957389832","666","666","666"
"334","0.7381992936134338","0.7381992936134338","0.7381992936134338","668","668","668"
"335","0.748251736164093","0.748251736164093","0.748251736164093","670","670","670"
"336","0.7277097702026367","0.7277097702026367","0.7277097702026367","672","672","672"
"337","0.7447552680969238","0.7447552680969238","0.7447552680969238","674","674","674"
"338","0.7491258978843689","0.7491258978843689","0.7491258978843689","676","676","676"
"339","0.7390734553337097","0.7390734553337097","0.7390734553337097","678","678","678"
"340","0.7303321957588196","0.7303321957588196","0.7303321957588196","680","680","680"
"341","0.7172203063964844","0.7172203063964844","0.7172203063964844","682","682","682"
"342","0.742132842540741","0.742132842540741","0.742132842540741","684","684","684"
"343","0.7154720425605774","0.7154720425605774","0.7154720425605774","686","686","686"
"344","0.6612762212753296","0.6612762212753296","0.6612762212753296","688","688","688"
"345","0.7368881106376648","0.7368881106376648","0.7368881106376648","690","690","690"
"346","0.7272727489471436","0.7272727489471436","0.7272727489471436","692","692","692"
"347","0.7408216595649719","0.7408216595649719","0.7408216595649719","694","694","694"
"348","0.7395104765892029","0.7395104765892029","0.7395104765892029","696","696","696"
"349","0.7491258978843689","0.7491258978843689","0.7491258978843689","698","698","698"
"350","0.7460664510726929","0.7460664510726929","0.7460664510726929","700","700","700"
"351","0.7491258978843689","0.7491258978843689","0.7491258978843689","702","702","702"
"352","0.6770104765892029","0.6770104765892029","0.6770104765892029","704","704","704"
"353","0.7460664510726929","0.7460664510726929","0.7460664510726929","706","706","706"
"354","0.754807710647583","0.754807710647583","0.754807710647583","708","708","708"
"355","0.7569929957389832","0.7569929957389832","0.7569929957389832","710","710","710"
"356","0.7574300765991211","0.7574300765991211","0.7574300765991211","712","712","712"
"357","0.7565559148788452","0.7565559148788452","0.7565559148788452","714","714","714"
"358","0.7569929957389832","0.7569929957389832","0.7569929957389832","716","716","716"
"359","0.7495629191398621","0.7495629191398621","0.7495629191398621","718","718","718"
"360","0.6997377872467041","0.6997377872467041","0.6997377872467041","720","720","720"
"361","0.7552447319030762","0.7552447319030762","0.7552447319030762","722","722","722"
"362","0.7298951148986816","0.7298951148986816","0.7298951148986816","724","724","724"
"363","0.7539335489273071","0.7539335489273071","0.7539335489273071","726","726","726"
"364","0.7583041787147522","0.7583041787147522","0.7583041787147522","728","728","728"
"365","0.75","0.75","0.75","730","730","730"
"366","0.7080419659614563","0.7080419659614563","0.7080419659614563","732","732","732"
"367","0.7626748085021973","0.7626748085021973","0.7626748085021973","734","734","734"
"368","0.7556818127632141","0.7556818127632141","0.7556818127632141","736","736","736"
"369","0.692307710647583","0.692307710647583","0.692307710647583","738","738","738"
"370","0.7569929957389832","0.7569929957389832","0.7569929957389832","740","740","740"
"371","0.7460664510726929","0.7460664510726929","0.7460664510726929","742","742","742"
"372","0.745192289352417","0.745192289352417","0.745192289352417","744","744","744"
"373","0.751748263835907","0.751748263835907","0.751748263835907","746","746","746"
"374","0.7495629191398621","0.7495629191398621","0.7495629191398621","748","748","748"
"375","0.7084790468215942","0.7084790468215942","0.7084790468215942","750","750","750"
"376","0.7495629191398621","0.7495629191398621","0.7495629191398621","752","752","752"
"377","0.7408216595649719","0.7408216595649719","0.7408216595649719","754","754","754"
"378","0.7342657446861267","0.7342657446861267","0.7342657446861267","756","756","756"
"379","0.754807710647583","0.754807710647583","0.754807710647583","758","758","758"
"380","0.7504370808601379","0.7504370808601379","0.7504370808601379","760","760","760"
"381","0.7569929957389832","0.7569929957389832","0.7569929957389832","762","762","762"
"382","0.7600524425506592","0.7600524425506592","0.7600524425506592","764","764","764"
"383","0.7526223659515381","0.7526223659515381","0.7526223659515381","766","766","766"
"384","0.7583041787147522","0.7583041787147522","0.7583041787147522","768","768","768"
"385","0.6756992936134338","0.6756992936134338","0.6756992936134338","770","770","770"
"386","0.743881106376648","0.743881106376648","0.743881106376648","772","772","772"
"387","0.7381992936134338","0.7381992936134338","0.7381992936134338","774","774","774"
"388","0.748688817024231","0.748688817024231","0.748688817024231","776","776","776"
"389","0.7399475574493408","0.7399475574493408","0.7399475574493408","778","778","778"
"390","0.746503472328186","0.746503472328186","0.746503472328186","780","780","780"
"391","0.75","0.75","0.75","782","782","782"
"392","0.7626748085021973","0.7626748085021973","0.7626748085021973","784","784","784"
"393","0.7491258978843689","0.7491258978843689","0.7491258978843689","786","786","786"
"394","0.7508741021156311","0.7508741021156311","0.7508741021156311","788","788","788"
"395","0.7023601531982422","0.7023601531982422","0.7023601531982422","790","790","790"
"396","0.7329545617103577","0.7329545617103577","0.7329545617103577","792","792","792"
"397","0.6752622127532959","0.6752622127532959","0.6752622127532959","794","794","794"
"398","0.7159090638160706","0.7159090638160706","0.7159090638160706","796","796","796"
"399","0.6656468510627747","0.6656468510627747","0.6656468510627747","798","798","798"
"400","0.6708915829658508","0.6708915829658508","0.6708915829658508","800","800","800"
"401","0.7460664510726929","0.7460664510726929","0.7460664510726929","802","802","802"
"402","0.7705419659614563","0.7705419659614563","0.7705419659614563","804","804","804"
"403","0.7062937021255493","0.7062937021255493","0.7062937021255493","806","806","806"
"404","0.7377622127532959","0.7377622127532959","0.7377622127532959","808","808","808"
"405","0.7390734553337097","0.7390734553337097","0.7390734553337097","810","810","810"
"406","0.7342657446861267","0.7342657446861267","0.7342657446861267","812","812","812"
"407","0.7364510297775269","0.7364510297775269","0.7364510297775269","814","814","814"
"408","0.753059446811676","0.753059446811676","0.753059446811676","816","816","816"
"409","0.690996527671814","0.690996527671814","0.690996527671814","818","818","818"
"410","0.7132866978645325","0.7132866978645325","0.7132866978645325","820","820","820"
"411","0.7565559148788452","0.7565559148788452","0.7565559148788452","822","822","822"
"412","0.7395104765892029","0.7395104765892029","0.7395104765892029","824","824","824"
"413","0.7399475574493408","0.7399475574493408","0.7399475574493408","826","826","826"
"414","0.7381992936134338","0.7381992936134338","0.7381992936134338","828","828","828"
"415","0.6944929957389832","0.6944929957389832","0.6944929957389832","830","830","830"
"416","0.6853147149085999","0.6853147149085999","0.6853147149085999","832","832","832"
"417","0.7543706297874451","0.7543706297874451","0.7543706297874451","834","834","834"
"418","0.7552447319030762","0.7552447319030762","0.7552447319030762","836","836","836"
"419","0.7670454382896423","0.7670454382896423","0.7670454382896423","838","838","838"
"420","0.7714160680770874","0.7714160680770874","0.7714160680770874","840","840","840"
"421","0.7006118893623352","0.7006118893623352","0.7006118893623352","842","842","842"
"422","0.7084790468215942","0.7084790468215942","0.7084790468215942","844","844","844"
"423","0.7312062978744507","0.7312062978744507","0.7312062978744507","846","846","846"
"424","0.7552447319030762","0.7552447319030762","0.7552447319030762","848","848","848"
"425","0.626311182975769","0.626311182975769","0.626311182975769","850","850","850"
"426","0.7233391404151917","0.7233391404151917","0.7233391404151917","852","852","852"
"427","0.7325174808502197","0.7325174808502197","0.7325174808502197","854","854","854"
"428","0.7010489702224731","0.7010489702224731","0.7010489702224731","856","856","856"
"429","0.7473776340484619","0.7473776340484619","0.7473776340484619","858","858","858"
"430","0.7631118893623352","0.7631118893623352","0.7631118893623352","860","860","860"
"431","0.7084790468215942","0.7084790468215942","0.7084790468215942","862","862","862"
"432","0.7150349617004395","0.7150349617004395","0.7150349617004395","864","864","864"
"433","0.7386363744735718","0.7386363744735718","0.7386363744735718","866","866","866"
"434","0.7639859914779663","0.7639859914779663","0.7639859914779663","868","868","868"
"435","0.757867157459259","0.757867157459259","0.757867157459259","870","870","870"
"436","0.7303321957588196","0.7303321957588196","0.7303321957588196","872","872","872"
"437","0.7259615659713745","0.7259615659713745","0.7259615659713745","874","874","874"
"438","0.7333915829658508","0.7333915829658508","0.7333915829658508","876","876","876"
"439","0.745192289352417","0.745192289352417","0.745192289352417","878","878","878"
"440","0.7194055914878845","0.7194055914878845","0.7194055914878845","880","880","880"
"441","0.751311182975769","0.751311182975769","0.751311182975769","882","882","882"
"442","0.7583041787147522","0.7583041787147522","0.7583041787147522","884","884","884"
"443","0.7587412595748901","0.7587412595748901","0.7587412595748901","886","886","886"
"444","0.7298951148986816","0.7298951148986816","0.7298951148986816","888","888","888"
"445","0.6879370808601379","0.6879370808601379","0.6879370808601379","890","890","890"
"446","0.7539335489273071","0.7539335489273071","0.7539335489273071","892","892","892"
"447","0.7526223659515381","0.7526223659515381","0.7526223659515381","894","894","894"
"448","0.7395104765892029","0.7395104765892029","0.7395104765892029","896","896","896"
"449","0.754807710647583","0.754807710647583","0.754807710647583","898","898","898"
"450","0.7648601531982422","0.7648601531982422","0.7648601531982422","900","900","900"
"451","0.7613636255264282","0.7613636255264282","0.7613636255264282","902","902","902"
"452","0.7036713361740112","0.7036713361740112","0.7036713361740112","904","904","904"
"453","0.7285839319229126","0.7285839319229126","0.7285839319229126","906","906","906"
"454","0.745192289352417","0.745192289352417","0.745192289352417","908","908","908"
"455","0.75","0.75","0.75","910","910","910"
"456","0.7338286638259888","0.7338286638259888","0.7338286638259888","912","912","912"
"457","0.7434440851211548","0.7434440851211548","0.7434440851211548","914","914","914"
"458","0.7639859914779663","0.7639859914779663","0.7639859914779663","916","916","916"
"459","0.748251736164093","0.748251736164093","0.748251736164093","918","918","918"
"460","0.7167832255363464","0.7167832255363464","0.7167832255363464","920","920","920"
"461","0.7556818127632141","0.7556818127632141","0.7556818127632141","922","922","922"
"462","0.7744755148887634","0.7744755148887634","0.7744755148887634","924","924","924"
"463","0.7277097702026367","0.7277097702026367","0.7277097702026367","926","926","926"
"464","0.7390734553337097","0.7390734553337097","0.7390734553337097","928","928","928"
"465","0.746940553188324","0.746940553188324","0.746940553188324","930","930","930"
"466","0.754807710647583","0.754807710647583","0.754807710647583","932","932","932"
"467","0.7207167744636536","0.7207167744636536","0.7207167744636536","934","934","934"
"468","0.7381992936134338","0.7381992936134338","0.7381992936134338","936","936","936"
"469","0.7460664510726929","0.7460664510726929","0.7460664510726929","938","938","938"
"470","0.7456293702125549","0.7456293702125549","0.7456293702125549","940","940","940"
"471","0.7539335489273071","0.7539335489273071","0.7539335489273071","942","942","942"
"472","0.7757866978645325","0.7757866978645325","0.7757866978645325","944","944","944"
"473","0.756118893623352","0.756118893623352","0.756118893623352","946","946","946"
"474","0.751748263835907","0.751748263835907","0.751748263835907","948","948","948"
"475","0.748688817024231","0.748688817024231","0.748688817024231","950","950","950"
"476","0.7408216595649719","0.7408216595649719","0.7408216595649719","952","952","952"
"477","0.742132842540741","0.742132842540741","0.742132842540741","954","954","954"
"478","0.7460664510726929","0.7460664510726929","0.7460664510726929","956","956","956"
"479","0.7696678042411804","0.7696678042411804","0.7696678042411804","958","958","958"
"480","0.7674825191497803","0.7674825191497803","0.7674825191497803","960","960","960"
"481","0.7539335489273071","0.7539335489273071","0.7539335489273071","962","962","962"
"482","0.7587412595748901","0.7587412595748901","0.7587412595748901","964","964","964"
"483","0.7714160680770874","0.7714160680770874","0.7714160680770874","966","966","966"
"484","0.7670454382896423","0.7670454382896423","0.7670454382896423","968","968","968"
"485","0.7351398468017578","0.7351398468017578","0.7351398468017578","970","970","970"
"486","0.7373251914978027","0.7373251914978027","0.7373251914978027","972","972","972"
"487","0.746940553188324","0.746940553188324","0.746940553188324","974","974","974"
"488","0.7757866978645325","0.7757866978645325","0.7757866978645325","976","976","976"
"489","0.7652971744537354","0.7652971744537354","0.7652971744537354","978","978","978"
"490","0.7368881106376648","0.7368881106376648","0.7368881106376648","980","980","980"
"491","0.75","0.75","0.75","982","982","982"
"492","0.745192289352417","0.745192289352417","0.745192289352417","984","984","984"
"493","0.7709790468215942","0.7709790468215942","0.7709790468215942","986","986","986"
"494","0.7727272510528564","0.7727272510528564","0.7727272510528564","988","988","988"
"495","0.7666084170341492","0.7666084170341492","0.7666084170341492","990","990","990"
"496","0.7814685106277466","0.7814685106277466","0.7814685106277466","992","992","992"
"497","0.7823426723480225","0.7823426723480225","0.7823426723480225","994","994","994"
"498","0.7718531489372253","0.7718531489372253","0.7718531489372253","996","996","996"
"499","0.756118893623352","0.756118893623352","0.756118893623352","998","998","998"
"500","0.7460664510726929","0.7460664510726929","0.7460664510726929","1000","1000","1000"
"501","0.75","0.75","0.75","1002","1002","1002"
"502","0.7596153616905212","0.7596153616905212","0.7596153616905212","1004","1004","1004"
"503","0.7613636255264282","0.7613636255264282","0.7613636255264282","1006","1006","1006"
"504","0.745192289352417","0.745192289352417","0.745192289352417","1008","1008","1008"
"505","0.7714160680770874","0.7714160680770874","0.7714160680770874","1010","1010","1010"
"506","0.7316433787345886","0.7316433787345886","0.7316433787345886","1012","1012","1012"
"507","0.684440553188324","0.684440553188324","0.684440553188324","1014","1014","1014"
"508","0.7604895234107971","0.7604895234107971","0.7604895234107971","1016","1016","1016"
"509","0.7416958212852478","0.7416958212852478","0.7416958212852478","1018","1018","1018"
"510","0.7613636255264282","0.7613636255264282","0.7613636255264282","1020","1020","1020"
"511","0.7478147149085999","0.7478147149085999","0.7478147149085999","1022","1022","1022"
"512","0.757867157459259","0.757867157459259","0.757867157459259","1024","1024","1024"
"513","0.7285839319229126","0.7285839319229126","0.7285839319229126","1026","1026","1026"
"514","0.7779720425605774","0.7779720425605774","0.7779720425605774","1028","1028","1028"
"515","0.7097902297973633","0.7097902297973633","0.7097902297973633","1030","1030","1030"
"516","0.7635489702224731","0.7635489702224731","0.7635489702224731","1032","1032","1032"
"517","0.7718531489372253","0.7718531489372253","0.7718531489372253","1034","1034","1034"
"518","0.7880244851112366","0.7880244851112366","0.7880244851112366","1036","1036","1036"
"519","0.7657342553138733","0.7657342553138733","0.7657342553138733","1038","1038","1038"
"520","0.754807710647583","0.754807710647583","0.754807710647583","1040","1040","1040"
"521","0.7504370808601379","0.7504370808601379","0.7504370808601379","1042","1042","1042"
"522","0.7683566212654114","0.7683566212654114","0.7683566212654114","1044","1044","1044"
"523","0.7613636255264282","0.7613636255264282","0.7613636255264282","1046","1046","1046"
"524","0.7556818127632141","0.7556818127632141","0.7556818127632141","1048","1048","1048"
"525","0.7705419659614563","0.7705419659614563","0.7705419659614563","1050","1050","1050"
"526","0.7596153616905212","0.7596153616905212","0.7596153616905212","1052","1052","1052"
"527","0.7198426723480225","0.7198426723480225","0.7198426723480225","1054","1054","1054"
"528","0.7565559148788452","0.7565559148788452","0.7565559148788452","1056","1056","1056"
"529","0.7342657446861267","0.7342657446861267","0.7342657446861267","1058","1058","1058"
"530","0.7067307829856873","0.7067307829856873","0.7067307829856873","1060","1060","1060"
"531","0.7626748085021973","0.7626748085021973","0.7626748085021973","1062","1062","1062"
"532","0.754807710647583","0.754807710647583","0.754807710647583","1064","1064","1064"
"533","0.7652971744537354","0.7652971744537354","0.7652971744537354","1066","1066","1066"
"534","0.7687937021255493","0.7687937021255493","0.7687937021255493","1068","1068","1068"
"535","0.7644230723381042","0.7644230723381042","0.7644230723381042","1070","1070","1070"
"536","0.7604895234107971","0.7604895234107971","0.7604895234107971","1072","1072","1072"
"537","0.6918706297874451","0.6918706297874451","0.6918706297874451","1074","1074","1074"
"538","0.7194055914878845","0.7194055914878845","0.7194055914878845","1076","1076","1076"
"539","0.7355769276618958","0.7355769276618958","0.7355769276618958","1078","1078","1078"
"540","0.7185314893722534","0.7185314893722534","0.7185314893722534","1080","1080","1080"
"541","0.7556818127632141","0.7556818127632141","0.7556818127632141","1082","1082","1082"
"542","0.7631118893623352","0.7631118893623352","0.7631118893623352","1084","1084","1084"
"543","0.7683566212654114","0.7683566212654114","0.7683566212654114","1086","1086","1086"
"544","0.7504370808601379","0.7504370808601379","0.7504370808601379","1088","1088","1088"
"545","0.7631118893623352","0.7631118893623352","0.7631118893623352","1090","1090","1090"
"546","0.7687937021255493","0.7687937021255493","0.7687937021255493","1092","1092","1092"
"547","0.7797203063964844","0.7797203063964844","0.7797203063964844","1094","1094","1094"
"548","0.7823426723480225","0.7823426723480225","0.7823426723480225","1096","1096","1096"
"549","0.7762237787246704","0.7762237787246704","0.7762237787246704","1098","1098","1098"
"550","0.746503472328186","0.746503472328186","0.746503472328186","1100","1100","1100"
"551","0.75","0.75","0.75","1102","1102","1102"
"552","0.7591783404350281","0.7591783404350281","0.7591783404350281","1104","1104","1104"
"553","0.7600524425506592","0.7600524425506592","0.7600524425506592","1106","1106","1106"
"554","0.7648601531982422","0.7648601531982422","0.7648601531982422","1108","1108","1108"
"555","0.7583041787147522","0.7583041787147522","0.7583041787147522","1110","1110","1110"
"556","0.7718531489372253","0.7718531489372253","0.7718531489372253","1112","1112","1112"
"557","0.7709790468215942","0.7709790468215942","0.7709790468215942","1114","1114","1114"
"558","0.7718531489372253","0.7718531489372253","0.7718531489372253","1116","1116","1116"
"559","0.7652971744537354","0.7652971744537354","0.7652971744537354","1118","1118","1118"
"560","0.7644230723381042","0.7644230723381042","0.7644230723381042","1120","1120","1120"
"561","0.7714160680770874","0.7714160680770874","0.7714160680770874","1122","1122","1122"
"562","0.742132842540741","0.742132842540741","0.742132842540741","1124","1124","1124"
"563","0.75","0.75","0.75","1126","1126","1126"
"564","0.756118893623352","0.756118893623352","0.756118893623352","1128","1128","1128"
"565","0.7670454382896423","0.7670454382896423","0.7670454382896423","1130","1130","1130"
"566","0.7443181872367859","0.7443181872367859","0.7443181872367859","1132","1132","1132"
"567","0.7552447319030762","0.7552447319030762","0.7552447319030762","1134","1134","1134"
"568","0.7408216595649719","0.7408216595649719","0.7408216595649719","1136","1136","1136"
"569","0.7565559148788452","0.7565559148788452","0.7565559148788452","1138","1138","1138"
"570","0.7801573276519775","0.7801573276519775","0.7801573276519775","1140","1140","1140"
"571","0.746503472328186","0.746503472328186","0.746503472328186","1142","1142","1142"
"572","0.7329545617103577","0.7329545617103577","0.7329545617103577","1144","1144","1144"
"573","0.7867133021354675","0.7867133021354675","0.7867133021354675","1146","1146","1146"
"574","0.7827796936035156","0.7827796936035156","0.7827796936035156","1148","1148","1148"
"575","0.7805944085121155","0.7805944085121155","0.7805944085121155","1150","1150","1150"
"576","0.7788461446762085","0.7788461446762085","0.7788461446762085","1152","1152","1152"
"577","0.753059446811676","0.753059446811676","0.753059446811676","1154","1154","1154"
"578","0.7618007063865662","0.7618007063865662","0.7618007063865662","1156","1156","1156"
"579","0.742132842540741","0.742132842540741","0.742132842540741","1158","1158","1158"
"580","0.7670454382896423","0.7670454382896423","0.7670454382896423","1160","1160","1160"
"581","0.7722902297973633","0.7722902297973633","0.7722902297973633","1162","1162","1162"
"582","0.7626748085021973","0.7626748085021973","0.7626748085021973","1164","1164","1164"
"583","0.754807710647583","0.754807710647583","0.754807710647583","1166","1166","1166"
"584","0.7644230723381042","0.7644230723381042","0.7644230723381042","1168","1168","1168"
"585","0.7679196000099182","0.7679196000099182","0.7679196000099182","1170","1170","1170"
"586","0.7618007063865662","0.7618007063865662","0.7618007063865662","1172","1172","1172"
"587","0.7360140085220337","0.7360140085220337","0.7360140085220337","1174","1174","1174"
"588","0.7583041787147522","0.7583041787147522","0.7583041787147522","1176","1176","1176"
"589","0.754807710647583","0.754807710647583","0.754807710647583","1178","1178","1178"
"590","0.7609265446662903","0.7609265446662903","0.7609265446662903","1180","1180","1180"
"591","0.7709790468215942","0.7709790468215942","0.7709790468215942","1182","1182","1182"
"592","0.7906468510627747","0.7906468510627747","0.7906468510627747","1184","1184","1184"
"593","0.7718531489372253","0.7718531489372253","0.7718531489372253","1186","1186","1186"
"594","0.7823426723480225","0.7823426723480225","0.7823426723480225","1188","1188","1188"
"595","0.7639859914779663","0.7639859914779663","0.7639859914779663","1190","1190","1190"
"596","0.7648601531982422","0.7648601531982422","0.7648601531982422","1192","1192","1192"
"597","0.7526223659515381","0.7526223659515381","0.7526223659515381","1194","1194","1194"
"598","0.7596153616905212","0.7596153616905212","0.7596153616905212","1196","1196","1196"
"599","0.7596153616905212","0.7596153616905212","0.7596153616905212","1198","1198","1198"
"600","0.7722902297973633","0.7722902297973633","0.7722902297973633","1200","1200","1200"
"601","0.754807710647583","0.754807710647583","0.754807710647583","1202","1202","1202"
"602","0.7460664510726929","0.7460664510726929","0.7460664510726929","1204","1204","1204"
"603","0.7766608595848083","0.7766608595848083","0.7766608595848083","1206","1206","1206"
"604","0.7714160680770874","0.7714160680770874","0.7714160680770874","1208","1208","1208"
"605","0.7727272510528564","0.7727272510528564","0.7727272510528564","1210","1210","1210"
"606","0.753496527671814","0.753496527671814","0.753496527671814","1212","1212","1212"
"607","0.7683566212654114","0.7683566212654114","0.7683566212654114","1214","1214","1214"
"608","0.7478147149085999","0.7478147149085999","0.7478147149085999","1216","1216","1216"
"609","0.756118893623352","0.756118893623352","0.756118893623352","1218","1218","1218"
"610","0.757867157459259","0.757867157459259","0.757867157459259","1220","1220","1220"
"611","0.7661713361740112","0.7661713361740112","0.7661713361740112","1222","1222","1222"
"612","0.7683566212654114","0.7683566212654114","0.7683566212654114","1224","1224","1224"
"613","0.7661713361740112","0.7661713361740112","0.7661713361740112","1226","1226","1226"
"614","0.7954545617103577","0.7954545617103577","0.7954545617103577","1228","1228","1228"
"615","0.7666084170341492","0.7666084170341492","0.7666084170341492","1230","1230","1230"
"616","0.7425699234008789","0.7425699234008789","0.7425699234008789","1232","1232","1232"
"617","0.7220279574394226","0.7220279574394226","0.7220279574394226","1234","1234","1234"
"618","0.757867157459259","0.757867157459259","0.757867157459259","1236","1236","1236"
"619","0.7552447319030762","0.7552447319030762","0.7552447319030762","1238","1238","1238"
"620","0.7185314893722534","0.7185314893722534","0.7185314893722534","1240","1240","1240"
"621","0.7381992936134338","0.7381992936134338","0.7381992936134338","1242","1242","1242"
"622","0.7609265446662903","0.7609265446662903","0.7609265446662903","1244","1244","1244"
"623","0.7604895234107971","0.7604895234107971","0.7604895234107971","1246","1246","1246"
"624","0.6551573276519775","0.6551573276519775","0.6551573276519775","1248","1248","1248"
"625","0.7639859914779663","0.7639859914779663","0.7639859914779663","1250","1250","1250"
"626","0.7639859914779663","0.7639859914779663","0.7639859914779663","1252","1252","1252"
"627","0.7923951148986816","0.7923951148986816","0.7923951148986816","1254","1254","1254"
"628","0.7749125957489014","0.7749125957489014","0.7749125957489014","1256","1256","1256"
"629","0.7447552680969238","0.7447552680969238","0.7447552680969238","1258","1258","1258"
"630","0.7718531489372253","0.7718531489372253","0.7718531489372253","1260","1260","1260"
"631","0.7434440851211548","0.7434440851211548","0.7434440851211548","1262","1262","1262"
"632","0.7508741021156311","0.7508741021156311","0.7508741021156311","1264","1264","1264"
"633","0.7718531489372253","0.7718531489372253","0.7718531489372253","1266","1266","1266"
"634","0.7875874042510986","0.7875874042510986","0.7875874042510986","1268","1268","1268"
"635","0.7967657446861267","0.7967657446861267","0.7967657446861267","1270","1270","1270"
"636","0.7687937021255493","0.7687937021255493","0.7687937021255493","1272","1272","1272"
"637","0.7443181872367859","0.7443181872367859","0.7443181872367859","1274","1274","1274"
"638","0.7298951148986816","0.7298951148986816","0.7298951148986816","1276","1276","1276"
"639","0.756118893623352","0.756118893623352","0.756118893623352","1278","1278","1278"
"640","0.7854021191596985","0.7854021191596985","0.7854021191596985","1280","1280","1280"
"641","0.7823426723480225","0.7823426723480225","0.7823426723480225","1282","1282","1282"
"642","0.7574300765991211","0.7574300765991211","0.7574300765991211","1284","1284","1284"
"643","0.756118893623352","0.756118893623352","0.756118893623352","1286","1286","1286"
"644","0.756118893623352","0.756118893623352","0.756118893623352","1288","1288","1288"
"645","0.7552447319030762","0.7552447319030762","0.7552447319030762","1290","1290","1290"
"646","0.7666084170341492","0.7666084170341492","0.7666084170341492","1292","1292","1292"
"647","0.7779720425605774","0.7779720425605774","0.7779720425605774","1294","1294","1294"
"648","0.7753496766090393","0.7753496766090393","0.7753496766090393","1296","1296","1296"
"649","0.756118893623352","0.756118893623352","0.756118893623352","1298","1298","1298"
"650","0.7596153616905212","0.7596153616905212","0.7596153616905212","1300","1300","1300"
"651","0.7443181872367859","0.7443181872367859","0.7443181872367859","1302","1302","1302"
"652","0.7757866978645325","0.7757866978645325","0.7757866978645325","1304","1304","1304"
"653","0.748688817024231","0.748688817024231","0.748688817024231","1306","1306","1306"
"654","0.7674825191497803","0.7674825191497803","0.7674825191497803","1308","1308","1308"
"655","0.7797203063964844","0.7797203063964844","0.7797203063964844","1310","1310","1310"
"656","0.7727272510528564","0.7727272510528564","0.7727272510528564","1312","1312","1312"
"657","0.7858391404151917","0.7858391404151917","0.7858391404151917","1314","1314","1314"
"658","0.7845279574394226","0.7845279574394226","0.7845279574394226","1316","1316","1316"
"659","0.7657342553138733","0.7657342553138733","0.7657342553138733","1318","1318","1318"
"660","0.7701048851013184","0.7701048851013184","0.7701048851013184","1320","1320","1320"
"661","0.7784090638160706","0.7784090638160706","0.7784090638160706","1322","1322","1322"
"662","0.7762237787246704","0.7762237787246704","0.7762237787246704","1324","1324","1324"
"663","0.7770978808403015","0.7770978808403015","0.7770978808403015","1326","1326","1326"
"664","0.7823426723480225","0.7823426723480225","0.7823426723480225","1328","1328","1328"
"665","0.7871503233909607","0.7871503233909607","0.7871503233909607","1330","1330","1330"
"666","0.7897727489471436","0.7897727489471436","0.7897727489471436","1332","1332","1332"
"667","0.7727272510528564","0.7727272510528564","0.7727272510528564","1334","1334","1334"
"668","0.7600524425506592","0.7600524425506592","0.7600524425506592","1336","1336","1336"
"669","0.7583041787147522","0.7583041787147522","0.7583041787147522","1338","1338","1338"
"670","0.7552447319030762","0.7552447319030762","0.7552447319030762","1340","1340","1340"
"671","0.7845279574394226","0.7845279574394226","0.7845279574394226","1342","1342","1342"
"672","0.7648601531982422","0.7648601531982422","0.7648601531982422","1344","1344","1344"
"673","0.7600524425506592","0.7600524425506592","0.7600524425506592","1346","1346","1346"
"674","0.7569929957389832","0.7569929957389832","0.7569929957389832","1348","1348","1348"
"675","0.7023601531982422","0.7023601531982422","0.7023601531982422","1350","1350","1350"
"676","0.746940553188324","0.746940553188324","0.746940553188324","1352","1352","1352"
"677","0.7687937021255493","0.7687937021255493","0.7687937021255493","1354","1354","1354"
"678","0.7416958212852478","0.7416958212852478","0.7416958212852478","1356","1356","1356"
"679","0.7272727489471436","0.7272727489471436","0.7272727489471436","1358","1358","1358"
"680","0.7679196000099182","0.7679196000099182","0.7679196000099182","1360","1360","1360"
"681","0.7626748085021973","0.7626748085021973","0.7626748085021973","1362","1362","1362"
"682","0.754807710647583","0.754807710647583","0.754807710647583","1364","1364","1364"
"683","0.7801573276519775","0.7801573276519775","0.7801573276519775","1366","1366","1366"
"684","0.7888985872268677","0.7888985872268677","0.7888985872268677","1368","1368","1368"
"685","0.7757866978645325","0.7757866978645325","0.7757866978645325","1370","1370","1370"
"686","0.7775349617004395","0.7775349617004395","0.7775349617004395","1372","1372","1372"
"687","0.7797203063964844","0.7797203063964844","0.7797203063964844","1374","1374","1374"
"688","0.7744755148887634","0.7744755148887634","0.7744755148887634","1376","1376","1376"
"689","0.7526223659515381","0.7526223659515381","0.7526223659515381","1378","1378","1378"
"690","0.7478147149085999","0.7478147149085999","0.7478147149085999","1380","1380","1380"
"691","0.7666084170341492","0.7666084170341492","0.7666084170341492","1382","1382","1382"
"692","0.7687937021255493","0.7687937021255493","0.7687937021255493","1384","1384","1384"
"693","0.757867157459259","0.757867157459259","0.757867157459259","1386","1386","1386"
"694","0.7583041787147522","0.7583041787147522","0.7583041787147522","1388","1388","1388"
"695","0.7736014127731323","0.7736014127731323","0.7736014127731323","1390","1390","1390"
"696","0.7779720425605774","0.7779720425605774","0.7779720425605774","1392","1392","1392"
"697","0.7652971744537354","0.7652971744537354","0.7652971744537354","1394","1394","1394"
"698","0.7399475574493408","0.7399475574493408","0.7399475574493408","1396","1396","1396"
"699","0.7574300765991211","0.7574300765991211","0.7574300765991211","1398","1398","1398"
"700","0.7670454382896423","0.7670454382896423","0.7670454382896423","1400","1400","1400"
"701","0.7683566212654114","0.7683566212654114","0.7683566212654114","1402","1402","1402"
"702","0.7823426723480225","0.7823426723480225","0.7823426723480225","1404","1404","1404"
"703","0.7884615659713745","0.7884615659713745","0.7884615659713745","1406","1406","1406"
"704","0.7661713361740112","0.7661713361740112","0.7661713361740112","1408","1408","1408"
"705","0.7854021191596985","0.7854021191596985","0.7854021191596985","1410","1410","1410"
"706","0.7687937021255493","0.7687937021255493","0.7687937021255493","1412","1412","1412"
"707","0.7631118893623352","0.7631118893623352","0.7631118893623352","1414","1414","1414"
"708","0.7731643319129944","0.7731643319129944","0.7731643319129944","1416","1416","1416"
"709","0.7849650382995605","0.7849650382995605","0.7849650382995605","1418","1418","1418"
"710","0.7749125957489014","0.7749125957489014","0.7749125957489014","1420","1420","1420"
"711","0.7932692170143127","0.7932692170143127","0.7932692170143127","1422","1422","1422"
"712","0.7867133021354675","0.7867133021354675","0.7867133021354675","1424","1424","1424"
"713","0.7819055914878845","0.7819055914878845","0.7819055914878845","1426","1426","1426"
"714","0.7770978808403015","0.7770978808403015","0.7770978808403015","1428","1428","1428"
"715","0.7845279574394226","0.7845279574394226","0.7845279574394226","1430","1430","1430"
"716","0.7727272510528564","0.7727272510528564","0.7727272510528564","1432","1432","1432"
"717","0.7115384340286255","0.7115384340286255","0.7115384340286255","1434","1434","1434"
"718","0.7618007063865662","0.7618007063865662","0.7618007063865662","1436","1436","1436"
"719","0.7447552680969238","0.7447552680969238","0.7447552680969238","1438","1438","1438"
"720","0.7884615659713745","0.7884615659713745","0.7884615659713745","1440","1440","1440"
"721","0.7919580340385437","0.7919580340385437","0.7919580340385437","1442","1442","1442"
"722","0.7845279574394226","0.7845279574394226","0.7845279574394226","1444","1444","1444"
"723","0.7631118893623352","0.7631118893623352","0.7631118893623352","1446","1446","1446"
"724","0.7526223659515381","0.7526223659515381","0.7526223659515381","1448","1448","1448"
"725","0.7801573276519775","0.7801573276519775","0.7801573276519775","1450","1450","1450"
"726","0.7801573276519775","0.7801573276519775","0.7801573276519775","1452","1452","1452"
"727","0.7775349617004395","0.7775349617004395","0.7775349617004395","1454","1454","1454"
"728","0.7692307829856873","0.7692307829856873","0.7692307829856873","1456","1456","1456"
"729","0.7526223659515381","0.7526223659515381","0.7526223659515381","1458","1458","1458"
"730","0.7714160680770874","0.7714160680770874","0.7714160680770874","1460","1460","1460"
"731","0.7902097702026367","0.7902097702026367","0.7902097702026367","1462","1462","1462"
"732","0.7950174808502197","0.7950174808502197","0.7950174808502197","1464","1464","1464"
"733","0.7950174808502197","0.7950174808502197","0.7950174808502197","1466","1466","1466"
"734","0.7950174808502197","0.7950174808502197","0.7950174808502197","1468","1468","1468"
"735","0.7928321957588196","0.7928321957588196","0.7928321957588196","1470","1470","1470"
"736","0.7565559148788452","0.7565559148788452","0.7565559148788452","1472","1472","1472"
"737","0.7779720425605774","0.7779720425605774","0.7779720425605774","1474","1474","1474"
"738","0.7696678042411804","0.7696678042411804","0.7696678042411804","1476","1476","1476"
"739","0.7696678042411804","0.7696678042411804","0.7696678042411804","1478","1478","1478"
"740","0.7736014127731323","0.7736014127731323","0.7736014127731323","1480","1480","1480"
"741","0.7805944085121155","0.7805944085121155","0.7805944085121155","1482","1482","1482"
"742","0.7823426723480225","0.7823426723480225","0.7823426723480225","1484","1484","1484"
"743","0.7867133021354675","0.7867133021354675","0.7867133021354675","1486","1486","1486"
"744","0.7635489702224731","0.7635489702224731","0.7635489702224731","1488","1488","1488"
"745","0.7779720425605774","0.7779720425605774","0.7779720425605774","1490","1490","1490"
"746","0.7657342553138733","0.7657342553138733","0.7657342553138733","1492","1492","1492"
"747","0.757867157459259","0.757867157459259","0.757867157459259","1494","1494","1494"
"748","0.7871503233909607","0.7871503233909607","0.7871503233909607","1496","1496","1496"
"749","0.7932692170143127","0.7932692170143127","0.7932692170143127","1498","1498","1498"
"750","0.7963286638259888","0.7963286638259888","0.7963286638259888","1500","1500","1500"
"751","0.7666084170341492","0.7666084170341492","0.7666084170341492","1502","1502","1502"
"752","0.7618007063865662","0.7618007063865662","0.7618007063865662","1504","1504","1504"
"753","0.7696678042411804","0.7696678042411804","0.7696678042411804","1506","1506","1506"
"754","0.7805944085121155","0.7805944085121155","0.7805944085121155","1508","1508","1508"
"755","0.7963286638259888","0.7963286638259888","0.7963286638259888","1510","1510","1510"
"756","0.7762237787246704","0.7762237787246704","0.7762237787246704","1512","1512","1512"
"757","0.7740384340286255","0.7740384340286255","0.7740384340286255","1514","1514","1514"
"758","0.7618007063865662","0.7618007063865662","0.7618007063865662","1516","1516","1516"
"759","0.748251736164093","0.748251736164093","0.748251736164093","1518","1518","1518"
"760","0.7840909361839294","0.7840909361839294","0.7840909361839294","1520","1520","1520"
"761","0.7884615659713745","0.7884615659713745","0.7884615659713745","1522","1522","1522"
"762","0.7797203063964844","0.7797203063964844","0.7797203063964844","1524","1524","1524"
"763","0.7692307829856873","0.7692307829856873","0.7692307829856873","1526","1526","1526"
"764","0.7701048851013184","0.7701048851013184","0.7701048851013184","1528","1528","1528"
"765","0.7652971744537354","0.7652971744537354","0.7652971744537354","1530","1530","1530"
"766","0.7766608595848083","0.7766608595848083","0.7766608595848083","1532","1532","1532"
"767","0.7613636255264282","0.7613636255264282","0.7613636255264282","1534","1534","1534"
"768","0.7893356680870056","0.7893356680870056","0.7893356680870056","1536","1536","1536"
"769","0.7770978808403015","0.7770978808403015","0.7770978808403015","1538","1538","1538"
"770","0.7556818127632141","0.7556818127632141","0.7556818127632141","1540","1540","1540"
"771","0.7705419659614563","0.7705419659614563","0.7705419659614563","1542","1542","1542"
"772","0.7447552680969238","0.7447552680969238","0.7447552680969238","1544","1544","1544"
"773","0.7945803999900818","0.7945803999900818","0.7945803999900818","1546","1546","1546"
"774","0.7958915829658508","0.7958915829658508","0.7958915829658508","1548","1548","1548"
"775","0.7875874042510986","0.7875874042510986","0.7875874042510986","1550","1550","1550"
"776","0.7902097702026367","0.7902097702026367","0.7902097702026367","1552","1552","1552"
"777","0.7652971744537354","0.7652971744537354","0.7652971744537354","1554","1554","1554"
"778","0.7753496766090393","0.7753496766090393","0.7753496766090393","1556","1556","1556"
"779","0.7805944085121155","0.7805944085121155","0.7805944085121155","1558","1558","1558"
"780","0.7792832255363464","0.7792832255363464","0.7792832255363464","1560","1560","1560"
"781","0.7565559148788452","0.7565559148788452","0.7565559148788452","1562","1562","1562"
"782","0.7770978808403015","0.7770978808403015","0.7770978808403015","1564","1564","1564"
"783","0.7854021191596985","0.7854021191596985","0.7854021191596985","1566","1566","1566"
"784","0.7591783404350281","0.7591783404350281","0.7591783404350281","1568","1568","1568"
"785","0.7862762212753296","0.7862762212753296","0.7862762212753296","1570","1570","1570"
"786","0.7679196000099182","0.7679196000099182","0.7679196000099182","1572","1572","1572"
"787","0.7871503233909607","0.7871503233909607","0.7871503233909607","1574","1574","1574"
"788","0.7823426723480225","0.7823426723480225","0.7823426723480225","1576","1576","1576"
"789","0.7884615659713745","0.7884615659713745","0.7884615659713745","1578","1578","1578"
"790","0.7862762212753296","0.7862762212753296","0.7862762212753296","1580","1580","1580"
"791","0.7797203063964844","0.7797203063964844","0.7797203063964844","1582","1582","1582"
"792","0.7792832255363464","0.7792832255363464","0.7792832255363464","1584","1584","1584"
"793","0.7381992936134338","0.7381992936134338","0.7381992936134338","1586","1586","1586"
"794","0.7460664510726929","0.7460664510726929","0.7460664510726929","1588","1588","1588"
"795","0.7342657446861267","0.7342657446861267","0.7342657446861267","1590","1590","1590"
"796","0.7281468510627747","0.7281468510627747","0.7281468510627747","1592","1592","1592"
"797","0.6927447319030762","0.6927447319030762","0.6927447319030762","1594","1594","1594"
"798","0.7360140085220337","0.7360140085220337","0.7360140085220337","1596","1596","1596"
"799","0.7766608595848083","0.7766608595848083","0.7766608595848083","1598","1598","1598"
"800","0.7740384340286255","0.7740384340286255","0.7740384340286255","1600","1600","1600"
"801","0.7784090638160706","0.7784090638160706","0.7784090638160706","1602","1602","1602"
"802","0.7770978808403015","0.7770978808403015","0.7770978808403015","1604","1604","1604"
"803","0.7836538553237915","0.7836538553237915","0.7836538553237915","1606","1606","1606"
"804","0.7661713361740112","0.7661713361740112","0.7661713361740112","1608","1608","1608"
"805","0.7893356680870056","0.7893356680870056","0.7893356680870056","1610","1610","1610"
"806","0.7980769276618958","0.7980769276618958","0.7980769276618958","1612","1612","1612"
"807","0.7880244851112366","0.7880244851112366","0.7880244851112366","1614","1614","1614"
"808","0.7810314893722534","0.7810314893722534","0.7810314893722534","1616","1616","1616"
"809","0.7390734553337097","0.7390734553337097","0.7390734553337097","1618","1618","1618"
"810","0.7521852850914001","0.7521852850914001","0.7521852850914001","1620","1620","1620"
"811","0.7539335489273071","0.7539335489273071","0.7539335489273071","1622","1622","1622"
"812","0.7840909361839294","0.7840909361839294","0.7840909361839294","1624","1624","1624"
"813","0.7766608595848083","0.7766608595848083","0.7766608595848083","1626","1626","1626"
"814","0.7569929957389832","0.7569929957389832","0.7569929957389832","1628","1628","1628"
"815","0.7945803999900818","0.7945803999900818","0.7945803999900818","1630","1630","1630"
"816","0.751311182975769","0.751311182975769","0.751311182975769","1632","1632","1632"
"817","0.7731643319129944","0.7731643319129944","0.7731643319129944","1634","1634","1634"
"818","0.7910839319229126","0.7910839319229126","0.7910839319229126","1636","1636","1636"
"819","0.7932692170143127","0.7932692170143127","0.7932692170143127","1638","1638","1638"
"820","0.7954545617103577","0.7954545617103577","0.7954545617103577","1640","1640","1640"
"821","0.7845279574394226","0.7845279574394226","0.7845279574394226","1642","1642","1642"
"822","0.7792832255363464","0.7792832255363464","0.7792832255363464","1644","1644","1644"
"823","0.7893356680870056","0.7893356680870056","0.7893356680870056","1646","1646","1646"
"824","0.7788461446762085","0.7788461446762085","0.7788461446762085","1648","1648","1648"
"825","0.7631118893623352","0.7631118893623352","0.7631118893623352","1650","1650","1650"
"826","0.7749125957489014","0.7749125957489014","0.7749125957489014","1652","1652","1652"
"827","0.7972028255462646","0.7972028255462646","0.7972028255462646","1654","1654","1654"
"828","0.7884615659713745","0.7884615659713745","0.7884615659713745","1656","1656","1656"
"829","0.7652971744537354","0.7652971744537354","0.7652971744537354","1658","1658","1658"
"830","0.7823426723480225","0.7823426723480225","0.7823426723480225","1660","1660","1660"
"831","0.7709790468215942","0.7709790468215942","0.7709790468215942","1662","1662","1662"
"832","0.7906468510627747","0.7906468510627747","0.7906468510627747","1664","1664","1664"
"833","0.7635489702224731","0.7635489702224731","0.7635489702224731","1666","1666","1666"
"834","0.7836538553237915","0.7836538553237915","0.7836538553237915","1668","1668","1668"
"835","0.7775349617004395","0.7775349617004395","0.7775349617004395","1670","1670","1670"
"836","0.7858391404151917","0.7858391404151917","0.7858391404151917","1672","1672","1672"
"837","0.7753496766090393","0.7753496766090393","0.7753496766090393","1674","1674","1674"
"838","0.7792832255363464","0.7792832255363464","0.7792832255363464","1676","1676","1676"
"839","0.7836538553237915","0.7836538553237915","0.7836538553237915","1678","1678","1678"
"840","0.7915209531784058","0.7915209531784058","0.7915209531784058","1680","1680","1680"
"841","0.7989510297775269","0.7989510297775269","0.7989510297775269","1682","1682","1682"
"842","0.7880244851112366","0.7880244851112366","0.7880244851112366","1684","1684","1684"
"843","0.7862762212753296","0.7862762212753296","0.7862762212753296","1686","1686","1686"
"844","0.7867133021354675","0.7867133021354675","0.7867133021354675","1688","1688","1688"
"845","0.7119755148887634","0.7119755148887634","0.7119755148887634","1690","1690","1690"
"846","0.7368881106376648","0.7368881106376648","0.7368881106376648","1692","1692","1692"
"847","0.7701048851013184","0.7701048851013184","0.7701048851013184","1694","1694","1694"
"848","0.7888985872268677","0.7888985872268677","0.7888985872268677","1696","1696","1696"
"849","0.7731643319129944","0.7731643319129944","0.7731643319129944","1698","1698","1698"
"850","0.7801573276519775","0.7801573276519775","0.7801573276519775","1700","1700","1700"
"851","0.7714160680770874","0.7714160680770874","0.7714160680770874","1702","1702","1702"
"852","0.7792832255363464","0.7792832255363464","0.7792832255363464","1704","1704","1704"
"853","0.7854021191596985","0.7854021191596985","0.7854021191596985","1706","1706","1706"
"854","0.7954545617103577","0.7954545617103577","0.7954545617103577","1708","1708","1708"
"855","0.7727272510528564","0.7727272510528564","0.7727272510528564","1710","1710","1710"
"856","0.7679196000099182","0.7679196000099182","0.7679196000099182","1712","1712","1712"
"857","0.7722902297973633","0.7722902297973633","0.7722902297973633","1714","1714","1714"
"858","0.7823426723480225","0.7823426723480225","0.7823426723480225","1716","1716","1716"
"859","0.7115384340286255","0.7115384340286255","0.7115384340286255","1718","1718","1718"
"860","0.7635489702224731","0.7635489702224731","0.7635489702224731","1720","1720","1720"
"861","0.7897727489471436","0.7897727489471436","0.7897727489471436","1722","1722","1722"
"862","0.745192289352417","0.745192289352417","0.745192289352417","1724","1724","1724"
"863","0.7775349617004395","0.7775349617004395","0.7775349617004395","1726","1726","1726"
"864","0.7722902297973633","0.7722902297973633","0.7722902297973633","1728","1728","1728"
"865","0.7980769276618958","0.7980769276618958","0.7980769276618958","1730","1730","1730"
"866","0.7797203063964844","0.7797203063964844","0.7797203063964844","1732","1732","1732"
"867","0.7976398468017578","0.7976398468017578","0.7976398468017578","1734","1734","1734"
"868","0.7696678042411804","0.7696678042411804","0.7696678042411804","1736","1736","1736"
"869","0.7845279574394226","0.7845279574394226","0.7845279574394226","1738","1738","1738"
"870","0.8006992936134338","0.8006992936134338","0.8006992936134338","1740","1740","1740"
"871","0.7963286638259888","0.7963286638259888","0.7963286638259888","1742","1742","1742"
"872","0.7928321957588196","0.7928321957588196","0.7928321957588196","1744","1744","1744"
"873","0.8033216595649719","0.8033216595649719","0.8033216595649719","1746","1746","1746"
"874","0.7884615659713745","0.7884615659713745","0.7884615659713745","1748","1748","1748"
"875","0.7941433787345886","0.7941433787345886","0.7941433787345886","1750","1750","1750"
"876","0.7141608595848083","0.7141608595848083","0.7141608595848083","1752","1752","1752"
"877","0.7718531489372253","0.7718531489372253","0.7718531489372253","1754","1754","1754"
"878","0.695367157459259","0.695367157459259","0.695367157459259","1756","1756","1756"
"879","0.7613636255264282","0.7613636255264282","0.7613636255264282","1758","1758","1758"
"880","0.7854021191596985","0.7854021191596985","0.7854021191596985","1760","1760","1760"
"881","0.7875874042510986","0.7875874042510986","0.7875874042510986","1762","1762","1762"
"882","0.7937062978744507","0.7937062978744507","0.7937062978744507","1764","1764","1764"
"883","0.7945803999900818","0.7945803999900818","0.7945803999900818","1766","1766","1766"
"884","0.7871503233909607","0.7871503233909607","0.7871503233909607","1768","1768","1768"
"885","0.7779720425605774","0.7779720425605774","0.7779720425605774","1770","1770","1770"
"886","0.7679196000099182","0.7679196000099182","0.7679196000099182","1772","1772","1772"
"887","0.7814685106277466","0.7814685106277466","0.7814685106277466","1774","1774","1774"
"888","0.7416958212852478","0.7416958212852478","0.7416958212852478","1776","1776","1776"
"889","0.7596153616905212","0.7596153616905212","0.7596153616905212","1778","1778","1778"
"890","0.7430070042610168","0.7430070042610168","0.7430070042610168","1780","1780","1780"
"891","0.7666084170341492","0.7666084170341492","0.7666084170341492","1782","1782","1782"
"892","0.748251736164093","0.748251736164093","0.748251736164093","1784","1784","1784"
"893","0.7504370808601379","0.7504370808601379","0.7504370808601379","1786","1786","1786"
"894","0.7915209531784058","0.7915209531784058","0.7915209531784058","1788","1788","1788"
"895","0.7430070042610168","0.7430070042610168","0.7430070042610168","1790","1790","1790"
"896","0.7832167744636536","0.7832167744636536","0.7832167744636536","1792","1792","1792"
"897","0.7766608595848083","0.7766608595848083","0.7766608595848083","1794","1794","1794"
"898","0.7972028255462646","0.7972028255462646","0.7972028255462646","1796","1796","1796"
"899","0.7600524425506592","0.7600524425506592","0.7600524425506592","1798","1798","1798"
"900","0.7862762212753296","0.7862762212753296","0.7862762212753296","1800","1800","1800"
"901","0.8015734553337097","0.8015734553337097","0.8015734553337097","1802","1802","1802"
"902","0.7687937021255493","0.7687937021255493","0.7687937021255493","1804","1804","1804"
"903","0.7906468510627747","0.7906468510627747","0.7906468510627747","1806","1806","1806"
"904","0.7862762212753296","0.7862762212753296","0.7862762212753296","1808","1808","1808"
"905","0.7880244851112366","0.7880244851112366","0.7880244851112366","1810","1810","1810"
"906","0.7805944085121155","0.7805944085121155","0.7805944085121155","1812","1812","1812"
"907","0.7373251914978027","0.7373251914978027","0.7373251914978027","1814","1814","1814"
"908","0.7714160680770874","0.7714160680770874","0.7714160680770874","1816","1816","1816"
"909","0.7613636255264282","0.7613636255264282","0.7613636255264282","1818","1818","1818"
"910","0.757867157459259","0.757867157459259","0.757867157459259","1820","1820","1820"
"911","0.7788461446762085","0.7788461446762085","0.7788461446762085","1822","1822","1822"
"912","0.7797203063964844","0.7797203063964844","0.7797203063964844","1824","1824","1824"
"913","0.7932692170143127","0.7932692170143127","0.7932692170143127","1826","1826","1826"
"914","0.7963286638259888","0.7963286638259888","0.7963286638259888","1828","1828","1828"
"915","0.7897727489471436","0.7897727489471436","0.7897727489471436","1830","1830","1830"
"916","0.7954545617103577","0.7954545617103577","0.7954545617103577","1832","1832","1832"
"917","0.7714160680770874","0.7714160680770874","0.7714160680770874","1834","1834","1834"
"918","0.7923951148986816","0.7923951148986816","0.7923951148986816","1836","1836","1836"
"919","0.7923951148986816","0.7923951148986816","0.7923951148986816","1838","1838","1838"
"920","0.7775349617004395","0.7775349617004395","0.7775349617004395","1840","1840","1840"
"921","0.7727272510528564","0.7727272510528564","0.7727272510528564","1842","1842","1842"
"922","0.7941433787345886","0.7941433787345886","0.7941433787345886","1844","1844","1844"
"923","0.8011363744735718","0.8011363744735718","0.8011363744735718","1846","1846","1846"
"924","0.7893356680870056","0.7893356680870056","0.7893356680870056","1848","1848","1848"
"925","0.7897727489471436","0.7897727489471436","0.7897727489471436","1850","1850","1850"
"926","0.7875874042510986","0.7875874042510986","0.7875874042510986","1852","1852","1852"
"927","0.754807710647583","0.754807710647583","0.754807710647583","1854","1854","1854"
"928","0.7639859914779663","0.7639859914779663","0.7639859914779663","1856","1856","1856"
"929","0.7805944085121155","0.7805944085121155","0.7805944085121155","1858","1858","1858"
"930","0.7980769276618958","0.7980769276618958","0.7980769276618958","1860","1860","1860"
"931","0.7858391404151917","0.7858391404151917","0.7858391404151917","1862","1862","1862"
"932","0.7683566212654114","0.7683566212654114","0.7683566212654114","1864","1864","1864"
"933","0.7836538553237915","0.7836538553237915","0.7836538553237915","1866","1866","1866"
"934","0.7897727489471436","0.7897727489471436","0.7897727489471436","1868","1868","1868"
"935","0.8020104765892029","0.8020104765892029","0.8020104765892029","1870","1870","1870"
"936","0.7871503233909607","0.7871503233909607","0.7871503233909607","1872","1872","1872"
"937","0.7613636255264282","0.7613636255264282","0.7613636255264282","1874","1874","1874"
"938","0.7784090638160706","0.7784090638160706","0.7784090638160706","1876","1876","1876"
"939","0.7945803999900818","0.7945803999900818","0.7945803999900818","1878","1878","1878"
"940","0.7692307829856873","0.7692307829856873","0.7692307829856873","1880","1880","1880"
"941","0.7626748085021973","0.7626748085021973","0.7626748085021973","1882","1882","1882"
"942","0.7888985872268677","0.7888985872268677","0.7888985872268677","1884","1884","1884"
"943","0.743881106376648","0.743881106376648","0.743881106376648","1886","1886","1886"
"944","0.7827796936035156","0.7827796936035156","0.7827796936035156","1888","1888","1888"
"945","0.7591783404350281","0.7591783404350281","0.7591783404350281","1890","1890","1890"
"946","0.7569929957389832","0.7569929957389832","0.7569929957389832","1892","1892","1892"
"947","0.7967657446861267","0.7967657446861267","0.7967657446861267","1894","1894","1894"
"948","0.7897727489471436","0.7897727489471436","0.7897727489471436","1896","1896","1896"
"949","0.7888985872268677","0.7888985872268677","0.7888985872268677","1898","1898","1898"
"950","0.7801573276519775","0.7801573276519775","0.7801573276519775","1900","1900","1900"
"951","0.7862762212753296","0.7862762212753296","0.7862762212753296","1902","1902","1902"
"952","0.7766608595848083","0.7766608595848083","0.7766608595848083","1904","1904","1904"
"953","0.7657342553138733","0.7657342553138733","0.7657342553138733","1906","1906","1906"
"954","0.7639859914779663","0.7639859914779663","0.7639859914779663","1908","1908","1908"
"955","0.7215909361839294","0.7215909361839294","0.7215909361839294","1910","1910","1910"
"956","0.757867157459259","0.757867157459259","0.757867157459259","1912","1912","1912"
"957","0.7574300765991211","0.7574300765991211","0.7574300765991211","1914","1914","1914"
"958","0.753059446811676","0.753059446811676","0.753059446811676","1916","1916","1916"
"959","0.7910839319229126","0.7910839319229126","0.7910839319229126","1918","1918","1918"
"960","0.7810314893722534","0.7810314893722534","0.7810314893722534","1920","1920","1920"
"961","0.7666084170341492","0.7666084170341492","0.7666084170341492","1922","1922","1922"
"962","0.7910839319229126","0.7910839319229126","0.7910839319229126","1924","1924","1924"
"963","0.806381106376648","0.806381106376648","0.806381106376648","1926","1926","1926"
"964","0.8129370808601379","0.8129370808601379","0.8129370808601379","1928","1928","1928"
"965","0.8020104765892029","0.8020104765892029","0.8020104765892029","1930","1930","1930"
"966","0.7893356680870056","0.7893356680870056","0.7893356680870056","1932","1932","1932"
"967","0.742132842540741","0.742132842540741","0.742132842540741","1934","1934","1934"
"968","0.7832167744636536","0.7832167744636536","0.7832167744636536","1936","1936","1936"
"969","0.7709790468215942","0.7709790468215942","0.7709790468215942","1938","1938","1938"
"970","0.7797203063964844","0.7797203063964844","0.7797203063964844","1940","1940","1940"
"971","0.7215909361839294","0.7215909361839294","0.7215909361839294","1942","1942","1942"
"972","0.7932692170143127","0.7932692170143127","0.7932692170143127","1944","1944","1944"
"973","0.7779720425605774","0.7779720425605774","0.7779720425605774","1946","1946","1946"
"974","0.7941433787345886","0.7941433787345886","0.7941433787345886","1948","1948","1948"
"975","0.7928321957588196","0.7928321957588196","0.7928321957588196","1950","1950","1950"
"976","0.7972028255462646","0.7972028255462646","0.7972028255462646","1952","1952","1952"
"977","0.7814685106277466","0.7814685106277466","0.7814685106277466","1954","1954","1954"
"978","0.7915209531784058","0.7915209531784058","0.7915209531784058","1956","1956","1956"
"979","0.7915209531784058","0.7915209531784058","0.7915209531784058","1958","1958","1958"
"980","0.8028846383094788","0.8028846383094788","0.8028846383094788","1960","1960","1960"
"981","0.7858391404151917","0.7858391404151917","0.7858391404151917","1962","1962","1962"
"982","0.7932692170143127","0.7932692170143127","0.7932692170143127","1964","1964","1964"
"983","0.8068181872367859","0.8068181872367859","0.8068181872367859","1966","1966","1966"
"984","0.8037587404251099","0.8037587404251099","0.8037587404251099","1968","1968","1968"
"985","0.8002622127532959","0.8002622127532959","0.8002622127532959","1970","1970","1970"
"986","0.8002622127532959","0.8002622127532959","0.8002622127532959","1972","1972","1972"
"987","0.7932692170143127","0.7932692170143127","0.7932692170143127","1974","1974","1974"
"988","0.8081293702125549","0.8081293702125549","0.8081293702125549","1976","1976","1976"
"989","0.7819055914878845","0.7819055914878845","0.7819055914878845","1978","1978","1978"
"990","0.7906468510627747","0.7906468510627747","0.7906468510627747","1980","1980","1980"
"991","0.7753496766090393","0.7753496766090393","0.7753496766090393","1982","1982","1982"
"992","0.7810314893722534","0.7810314893722534","0.7810314893722534","1984","1984","1984"
"993","0.7775349617004395","0.7775349617004395","0.7775349617004395","1986","1986","1986"
"994","0.7958915829658508","0.7958915829658508","0.7958915829658508","1988","1988","1988"
"995","0.7827796936035156","0.7827796936035156","0.7827796936035156","1990","1990","1990"
"996","0.7709790468215942","0.7709790468215942","0.7709790468215942","1992","1992","1992"
"997","0.6542832255363464","0.6542832255363464","0.6542832255363464","1994","1994","1994"
"998","0.7923951148986816","0.7923951148986816","0.7923951148986816","1996","1996","1996"
"999","0.7919580340385437","0.7919580340385437","0.7919580340385437","1998","1998","1998"