Pyramidal gran_denormal - test_accuracy,Pyramidal gran_denormal - train_accuracy,Pyramidal gran_denormal - test_loss,Pyramidal gran_denormal - train_loss,Step,Pyramidal petit_normal - test_accuracy,Pyramidal petit_normal - train_accuracy,Pyramidal petit_normal - test_loss,Pyramidal petit_normal - train_loss,Pyramidal petit_denormal - test_accuracy,Pyramidal petit_denormal - train_accuracy,Pyramidal petit_denormal - test_loss,Pyramidal petit_denormal - train_loss,Pyramidal gran_normal - test_accuracy,Pyramidal gran_normal - train_accuracy,Pyramidal gran_normal - test_loss,Pyramidal gran_normal - train_loss
0.15136363636363637,0.1003448275862069,2.3644088181582363,2.3940079410596824,0.0,0.17863636363636365,0.15045977011494252,2.353048496246338,2.4082331386653855,0.1940909090909091,0.14551724137931035,2.2389192442460493,2.34749928923859,0.12681818181818183,0.16655172413793104,2.3899291957508435,2.320937183423974
0.16772727272727272,0.1513793103448276,2.279706933281638,2.3470857960054246,1.0,0.21136363636363636,0.18586206896551724,2.20676681952043,2.2881917933760016,0.21818181818181817,0.18275862068965518,2.2015721182389694,2.27427861410996,0.21454545454545454,0.1906896551724138,2.3477367877960207,2.2723552268675005
0.1968181818181818,0.17195402298850573,2.2288752590526233,2.2913075164268757,2.0,0.22136363636363637,0.18747126436781608,2.206355965787714,2.2705934686770384,0.23,0.19344827586206897,2.181986394362016,2.2632389741656422,0.2359090909090909,0.19758620689655174,2.2123989738117564,2.256658217550694
0.2018181818181818,0.1857471264367816,2.212829420783303,2.2676415248300836,3.0,0.25136363636363634,0.2052873563218391,2.169632504203103,2.2535298810059996,0.22727272727272727,0.20724137931034484,2.1829076853665437,2.240821821388157,0.20045454545454544,0.21402298850574714,2.2087885171716866,2.244250504614293
0.20136363636363636,0.19666666666666666,2.2092057635567404,2.2613699051429483,4.0,0.225,0.22,2.2034345002607867,2.23634853659005,0.245,0.20942528735632185,2.1669124776666813,2.2340385999350714,0.24681818181818183,0.21160919540229886,2.155346284346147,2.2354847287583626
0.20954545454545453,0.19528735632183908,2.1964543706720527,2.2565304860301403,5.0,0.22136363636363637,0.22873563218390805,2.231234374479814,2.2178807850541737,0.23545454545454544,0.21413793103448275,2.1560155140269885,2.2324742501357506,0.27636363636363637,0.21988505747126436,2.1358853604576806,2.221995919655109
0.1968181818181818,0.2,2.1913746885819867,2.2451967330362606,6.0,0.24818181818181817,0.23091954022988506,2.1523450643366036,2.2054162010105176,0.2559090909090909,0.22114942528735632,2.1481179211356425,2.214379473171015,0.24954545454545454,0.23919540229885058,2.1543804238059305,2.1955639550877715
0.22227272727272726,0.2006896551724138,2.191197222796353,2.24727994348811,7.0,0.24409090909090908,0.2435632183908046,2.150645247372714,2.1895858632010974,0.255,0.22241379310344828,2.1424198497425424,2.208406071060005,0.2559090909090909,0.24597701149425288,2.1524746218594637,2.179499095829054
0.22363636363636363,0.21126436781609195,2.1800125546888873,2.2292595942267055,8.0,0.27045454545454545,0.2504597701149425,2.1341769738630814,2.1738880262703733,0.26681818181818184,0.22632183908045977,2.1330008420077236,2.2016050449459033,0.2681818181818182,0.2464367816091954,2.1222013126720083,2.1815101561053045
0.2190909090909091,0.20988505747126437,2.1892177339033645,2.2351359183212804,9.0,0.2722727272727273,0.24747126436781608,2.1027255006269976,2.167277296548602,0.2609090909090909,0.23758620689655172,2.131672052903609,2.188253738359473,0.2881818181818182,0.24482758620689654,2.1159711881117387,2.174015180763157
0.22318181818181818,0.21068965517241378,2.1780127993496983,2.229377680372918,10.0,0.2718181818181818,0.25942528735632187,2.0990818041021173,2.1585225961400174,0.27,0.24471264367816092,2.1144927380301737,2.179053152347433,0.24772727272727274,0.25103448275862067,2.164485112103549,2.1742610906184403
0.24136363636363636,0.21080459770114943,2.1529180362007834,2.230612002844098,11.0,0.23,0.2652873563218391,2.2315260817787865,2.150186363855998,0.2722727272727273,0.24574712643678162,2.112050835869529,2.171451955554129,0.3018181818181818,0.24666666666666667,2.0767117474295875,2.1686073349262105
0.23636363636363636,0.22206896551724137,2.168921820900657,2.2161907268392627,12.0,0.2881818181818182,0.25678160919540227,2.0777184945886784,2.158597296462662,0.28363636363636363,0.2454022988505747,2.1032260114496406,2.1731209722058527,0.2681818181818182,0.2571264367816092,2.1168938263979826,2.1611654304635937
0.25272727272727274,0.22137931034482758,2.137431571266868,2.208131768347203,13.0,0.295,0.27091954022988507,2.1015571941028943,2.138630047063718,0.2740909090909091,0.24908045977011495,2.090852202502164,2.1570957569692326,0.2672727272727273,0.2579310344827586,2.1113879706642846,2.156934289932251
0.26181818181818184,0.2257471264367816,2.13383018320257,2.1946908453141134,14.0,0.3013636363636364,0.2631034482758621,2.0654178272594104,2.143028436638843,0.28954545454545455,0.25298850574712645,2.0989090676741164,2.1543215669434645,0.2722727272727273,0.2660919540229885,2.1166362311623312,2.1430094977630967
0.25681818181818183,0.21919540229885057,2.1446073055267334,2.1995701219843724,15.0,0.2859090909090909,0.2710344827586207,2.1025386229428378,2.1285682478718373,0.29318181818181815,0.26068965517241377,2.077064482948997,2.1417669696369392,0.29409090909090907,0.2635632183908046,2.0815861017053776,2.143989187657148
0.27045454545454545,0.22160919540229884,2.1222749319943515,2.2024529699347486,16.0,0.2672727272727273,0.28344827586206894,2.151426476565274,2.1201217618481865,0.2840909090909091,0.2642528735632184,2.086027911793102,2.129168605694826,0.3059090909090909,0.26701149425287357,2.06476713700728,2.1395268990527625
0.27,0.22689655172413792,2.123222218426791,2.1949853338044267,17.0,0.3159090909090909,0.27839080459770116,2.0352879671616986,2.118687593525854,0.2868181818181818,0.2577011494252874,2.0954804784601384,2.1407303080065496,0.29954545454545456,0.27229885057471265,2.0827556766163218,2.137042622292179
0.26136363636363635,0.22885057471264367,2.138024671727961,2.186961040935297,18.0,0.30363636363636365,0.2888505747126437,2.0880805804512717,2.108137128106479,0.3018181818181818,0.27091954022988507,2.0543631154840645,2.121664922977316,0.2972727272727273,0.27206896551724136,2.077577709718184,2.13364894011925
0.275,0.23160919540229885,2.103568816618486,2.185406717541574,19.0,0.3104545454545454,0.2727586206896552,2.0598471017317337,2.120809717068727,0.31363636363636366,0.271264367816092,2.0555183029174806,2.128891846667761,0.3181818181818182,0.267816091954023,2.068773981441151,2.14202866905037
0.27954545454545454,0.24172413793103448,2.1036666228554464,2.1802159514372375,20.0,0.30636363636363634,0.28344827586206894,2.0384086322784425,2.1075863151988763,0.2909090909090909,0.27425287356321837,2.060052293430675,2.1103485955863164,0.27545454545454545,0.2790804597701149,2.1205473414334386,2.1307888980295466
0.28954545454545455,0.24402298850574713,2.1102563060413706,2.1710830562416166,21.0,0.3054545454545455,0.28379310344827585,2.0505412500554865,2.0997973882740943,0.3004545454545455,0.277816091954023,2.047780249335549,2.1029311026649915,0.3104545454545454,0.27229885057471265,2.05533351984891,2.137914910371276
0.2822727272727273,0.23885057471264368,2.0966501183943316,2.1780354169867504,22.0,0.30954545454545457,0.2864367816091954,2.0527806256034156,2.0942666700516623,0.28954545454545455,0.284367816091954,2.0581008789756083,2.096758130172203,0.3140909090909091,0.2771264367816092,2.0686353848197245,2.1326926228095746
0.2859090909090909,0.2467816091954023,2.1065317474712026,2.163946653344165,23.0,0.315,0.29126436781609194,2.0552121925354006,2.093348991788667,0.295,0.27873563218390807,2.068201474276456,2.099069206193946,0.29454545454545455,0.27655172413793105,2.082318804480813,2.1237258179982503
0.28454545454545455,0.2413793103448276,2.0932014352625066,2.162174745099298,24.0,0.30863636363636365,0.284367816091954,2.060143684907393,2.0956238023166,0.3068181818181818,0.27988505747126435,2.0420362888682972,2.0936822726808746,0.30727272727272725,0.27206896551724136,2.0779390673203904,2.127565792346823
0.2822727272727273,0.24919540229885057,2.075690569444136,2.160238854528844,25.0,0.31863636363636366,0.296551724137931,2.0518452696366745,2.0823521200815835,0.3209090909090909,0.2924137931034483,2.026693538318981,2.0795123763468073,0.315,0.2832183908045977,2.065868341706016,2.1231273300346287
0.28454545454545455,0.254367816091954,2.108385693810203,2.1495296967166593,26.0,0.31545454545454543,0.29482758620689653,2.0463177238811148,2.087147677081755,0.31772727272727275,0.29333333333333333,2.032358094995672,2.08671342290681,0.30636363636363634,0.2811494252873563,2.0579958577589554,2.116575919293809
0.28363636363636363,0.24689655172413794,2.095688118501143,2.156945614650332,27.0,0.2972727272727273,0.2905747126436782,2.0614364624023436,2.0798112929552452,0.33,0.29310344827586204,2.0218216922066428,2.0832444052860652,0.32136363636363635,0.2767816091954023,2.0482150407270954,2.123575770060221
0.2772727272727273,0.25103448275862067,2.116366601423784,2.1470064239940423,28.0,0.32227272727272727,0.2927586206896552,2.036627422679554,2.0807111623917502,0.3140909090909091,0.29195402298850576,2.0460330494967374,2.0675530656178793,0.30227272727272725,0.2806896551724138,2.0697435803846878,2.1185797838232983
0.2968181818181818,0.24839080459770116,2.0852951509302313,2.1504914632336845,29.0,0.31727272727272726,0.2983908045977012,2.0108313768560238,2.071157389454458,0.31272727272727274,0.2964367816091954,2.022716422514482,2.0623414419985364,0.31636363636363635,0.28195402298850575,2.0489266022768886,2.113890721112832
0.2972727272727273,0.25862068965517243,2.0697973312031137,2.1404673615817367,30.0,0.3231818181818182,0.2985057471264368,2.02554556239735,2.070920312925317,0.3181818181818182,0.30448275862068963,2.01931340304288,2.0611168414148793,0.3109090909090909,0.27954022988505745,2.0505765360051935,2.1112937146767803
0.2913636363636364,0.254367816091954,2.0747710791501133,2.1395589277113993,31.0,0.3336363636363636,0.30586206896551726,2.003187659003518,2.0626581412348255,0.3231818181818182,0.2960919540229885,2.0164907897602427,2.049680648452934,0.27090909090909093,0.28448275862068967,2.106813455061479,2.1148402706233935
0.2859090909090909,0.2597701149425287,2.0952174186706545,2.1400154194886656,32.0,0.31863636363636366,0.3,2.0411988639831544,2.0663640892642667,0.3118181818181818,0.3096551724137931,2.025210652784868,2.0505422186577458,0.3145454545454546,0.2845977011494253,2.051795204335993,2.1110027742933952
0.3,0.2514942528735632,2.0693970680236817,2.1474143451383743,33.0,0.3381818181818182,0.3064367816091954,2.0083888548070736,2.0582635281003756,0.3159090909090909,0.31471264367816093,2.0237013071233574,2.042816203435262,0.3140909090909091,0.2833333333333333,2.052876075397838,2.1155173277580874
0.31,0.25551724137931037,2.0510310346429996,2.1385740204515127,34.0,0.3159090909090909,0.3120689655172414,2.0312244137850675,2.044185617709982,0.32227272727272727,0.30908045977011495,2.0053247677196158,2.031480196700699,0.3018181818181818,0.2788505747126437,2.055053046833385,2.1196848248887337
0.30954545454545457,0.2642528735632184,2.0568076359141956,2.1323022788694534,35.0,0.33045454545454545,0.3062068965517241,2.0119756169752643,2.0546292321435335,0.33136363636363636,0.32632183908045975,2.003023303638805,2.0292825569503607,0.31272727272727274,0.2828735632183908,2.060408066402782,2.1159963870870655
0.2781818181818182,0.2613793103448276,2.066710981022228,2.123469364999355,36.0,0.32,0.3125287356321839,1.9988127240267668,2.0518182059540147,0.33045454545454545,0.31551724137931036,2.016748253215443,2.0279782890451363,0.2968181818181818,0.28367816091954023,2.0786286813562564,2.1118734828905126
0.30636363636363634,0.2667816091954023,2.0583878430453213,2.1269630997756432,37.0,0.3327272727272727,0.30977011494252876,2.005228418003429,2.0481649358245146,0.33181818181818185,0.3179310344827586,2.0078147385337135,2.0287617750277462,0.2913636363636364,0.2874712643678161,2.078987788287076,2.1120946184794107
0.29,0.2664367816091954,2.0712510923905807,2.1145725223935883,38.0,0.3377272727272727,0.314367816091954,1.9874935176155784,2.0425028612421845,0.33181818181818185,0.3249425287356322,1.9976550180261785,2.020364002140089,0.305,0.2786206896551724,2.0630228242007167,2.1102182739082425
0.29545454545454547,0.2639080459770115,2.081137667569247,2.1219894323677853,39.0,0.3372727272727273,0.3164367816091954,1.9953285962885077,2.034390517815776,0.30727272727272725,0.3259770114942529,2.0257088990644974,2.014063260144201,0.3159090909090909,0.2813793103448276,2.042551123012196,2.1148663922013906
0.30454545454545456,0.26908045977011497,2.0559964015267114,2.111532865831222,40.0,0.3377272727272727,0.3175862068965517,1.9985351900620894,2.0342276413139255,0.3159090909090909,0.325632183908046,2.013550689870661,2.0150286739173975,0.305,0.2867816091954023,2.0627897115187213,2.1121656916607385
0.295,0.2725287356321839,2.0762882648814807,2.1085297323643477,41.0,0.3231818181818182,0.3181609195402299,2.001787086833607,2.0339361514168224,0.33045454545454545,0.3311494252873563,2.0141386006095194,2.0043999613290544,0.30727272727272725,0.28264367816091956,2.052668530724265,2.110164198601383
0.2927272727272727,0.2752873563218391,2.073016243847934,2.1084776724892103,42.0,0.3336363636363636,0.31850574712643676,2.016793426166881,2.0250226175373998,0.34045454545454545,0.33873563218390806,1.9949939424341374,1.9906778316936273,0.29772727272727273,0.2803448275862069,2.0650233658877286,2.1196389711314234
0.2990909090909091,0.27413793103448275,2.0602167797088624,2.1086468472974054,43.0,0.33136363636363636,0.32195402298850573,1.998733763261275,2.030375183587787,0.31681818181818183,0.3391954022988506,2.024272033518011,1.9941243188134554,0.31,0.2825287356321839,2.048569982702082,2.11412803134699
0.30863636363636365,0.27080459770114945,2.0538438614931973,2.1067531311649015,44.0,0.3368181818181818,0.3196551724137931,1.9964250235124068,2.019753828048706,0.3281818181818182,0.33655172413793105,2.0008458050814544,1.9823188845316568,0.3159090909090909,0.28195402298850575,2.0320662195032293,2.107379855342295
0.2990909090909091,0.28160919540229884,2.0742936541817407,2.090613514582316,45.0,0.32545454545454544,0.33011494252873563,2.0308684409748423,2.0219409424135053,0.32545454545454544,0.3466666666666667,1.998853725086559,1.9823638347099568,0.32,0.28758620689655173,2.0435417539423164,2.1066195006754205
0.30636363636363634,0.27609195402298853,2.059790045998313,2.101940142423257,46.0,0.3468181818181818,0.3289655172413793,1.985781831741333,2.0199574502309163,0.3336363636363636,0.3388505747126437,2.0059836422313344,1.9890256800596742,0.3145454545454546,0.28735632183908044,2.058162015568126,2.110691721028295
0.31,0.2811494252873563,2.053059253692627,2.0869382325534165,47.0,0.3440909090909091,0.3336781609195402,1.9815944827686656,2.000442967031194,0.3327272727272727,0.3485057471264368,2.0051594881577923,1.9624982715475148,0.3190909090909091,0.28781609195402297,2.028686063072898,2.104356942560481
0.32272727272727275,0.28804597701149426,2.0235001069849186,2.0821581548383867,48.0,0.35363636363636364,0.33241379310344826,1.979354051243175,1.9932351930662133,0.3336363636363636,0.3617241379310345,2.0161845189874823,1.9563093514278018,0.31363636363636366,0.29333333333333333,2.043555560545488,2.1014597398385235
0.3118181818181818,0.2852873563218391,2.0385730431296607,2.0834126072368404,49.0,0.3386363636363636,0.3408045977011494,1.985981728813865,2.002849143784622,0.3331818181818182,0.3554022988505747,2.001792803677646,1.9650929464142899,0.3068181818181818,0.2949425287356322,2.0456812260367654,2.102230442967908
0.31545454545454543,0.292183908045977,2.030702322179621,2.0749374641769234,50.0,0.3440909090909091,0.33,1.991789503097534,2.0057316114710666,0.3377272727272727,0.354367816091954,1.992452534762296,1.9617256485182664,0.32227272727272727,0.29379310344827586,2.0288866710662843,2.101301115079858
0.30636363636363634,0.28804597701149426,2.049602585705844,2.077387192057467,51.0,0.35363636363636364,0.3386206896551724,1.9887172586267645,1.9950316483947053,0.3336363636363636,0.3649425287356322,2.016053106134588,1.9529978339973537,0.32136363636363635,0.29229885057471267,2.036951837539673,2.096487341365595
0.32045454545454544,0.2860919540229885,2.033057528409091,2.0792326137937347,52.0,0.32636363636363636,0.3385057471264368,2.016067886352539,1.9867881610475737,0.33545454545454545,0.35954022988505746,2.0055805093591865,1.9402630576868167,0.3181818181818182,0.28954022988505745,2.0411594356190075,2.0973212474516068
0.3118181818181818,0.2925287356321839,2.0410097182880746,2.0713544779810413,53.0,0.3572727272727273,0.3429885057471264,1.9677590968392111,1.989874334444945,0.345,0.3571264367816092,1.9967162444374777,1.9517710701076463,0.32272727272727275,0.28758620689655173,2.0407330252907494,2.100162137459064
0.30772727272727274,0.29310344827586204,2.0370334165746518,2.070592900857158,54.0,0.35454545454545455,0.3448275862068966,1.9737017674879593,1.9792027501950318,0.3427272727272727,0.3671264367816092,1.9882815491069448,1.932071842215527,0.31136363636363634,0.2885057471264368,2.0431892923875288,2.1021382251827196
0.31863636363636366,0.3001149425287356,2.0215150729092684,2.0593460238665,55.0,0.35409090909090907,0.34160919540229884,1.974538072239269,1.983842917913678,0.3372727272727273,0.3685057471264368,2.000719162334095,1.928066180327843,0.31727272727272726,0.2939080459770115,2.032680199363015,2.0985845121844062
0.31863636363636366,0.29804597701149427,2.0263968346335672,2.0591315408684743,56.0,0.3527272727272727,0.3425287356321839,1.9665928493846547,1.9726012843230676,0.3459090909090909,0.3696551724137931,1.9925361381877553,1.9249119330000604,0.3013636363636364,0.29517241379310344,2.054395521337336,2.0994830055894522
0.32227272727272727,0.2964367816091954,2.0406197027726605,2.061680352660431,57.0,0.3372727272727273,0.3542528735632184,2.000879159407182,1.9585652989354627,0.3468181818181818,0.38471264367816094,1.98417913090099,1.908143564476364,0.3181818181818182,0.284367816091954,2.045465398268266,2.1003738571035453
0.32181818181818184,0.29770114942528736,2.0205217482826927,2.056272892349068,58.0,0.34954545454545455,0.3431034482758621,1.9797496734965931,1.9698553734812243,0.3390909090909091,0.374367816091954,2.0006580292094838,1.9103447766687678,0.32,0.29540229885057473,2.034531694759022,2.0907891578235844
0.31136363636363634,0.3086206896551724,2.031839139244773,2.0452796806686226,59.0,0.3527272727272727,0.34735632183908044,1.9602762950550425,1.96684060568097,0.3490909090909091,0.3758620689655172,1.9812928355823864,1.9162715409815996,0.28954545454545455,0.2981609195402299,2.07830359805714,2.0895018773791434
0.30454545454545456,0.3093103448275862,2.035992931019176,2.0464052260607137,60.0,0.35409090909090907,0.36,1.9593731888857755,1.9493287316135977,0.35545454545454547,0.3882758620689655,1.9839854517850009,1.9026380545517494,0.325,0.294367816091954,2.022305396686901,2.0894918323385303
0.32,0.30689655172413793,2.0255712578513405,2.0452212139655805,61.0,0.355,0.3511494252873563,1.9487378267808395,1.9609972622202732,0.35818181818181816,0.3757471264367816,1.9719426952708852,1.9060205020027599,0.3190909090909091,0.2927586206896552,2.0283174228668215,2.09315178279219
0.31272727272727274,0.31298850574712644,2.0436381834203545,2.0348081965830134,62.0,0.3527272727272727,0.3604597701149425,1.985972224148837,1.951214449323457,0.33590909090909093,0.39080459770114945,1.9911743354797364,1.8911527862768063,0.32636363636363636,0.2888505747126437,2.0230457453294233,2.0893062475357933
0.31636363636363635,0.3120689655172414,2.0222964772311123,2.0243063738154268,63.0,0.3490909090909091,0.3622988505747126,1.9988936259529808,1.947675394518622,0.35863636363636364,0.38068965517241377,1.975792228525335,1.8965924243269296,0.2927272727272727,0.3024137931034483,2.10283895926042,2.079616806534515
0.32681818181818184,0.31735632183908047,2.013009424209595,2.033458173028354,64.0,0.33636363636363636,0.3667816091954023,2.0043973315845838,1.9344257552048256,0.3427272727272727,0.39597701149425285,1.9870233492417768,1.8809769656740385,0.30363636363636365,0.29586206896551726,2.0584115011041813,2.087542830171256
0.32181818181818184,0.32195402298850573,2.010473414334384,2.0224999575779354,65.0,0.35545454545454547,0.35977011494252875,1.9568298608606511,1.9408196793479482,0.3477272727272727,0.3979310344827586,1.999385066465898,1.8792814292030773,0.32545454545454544,0.30195402298850577,2.0106437847831033,2.0782542911617234
0.3190909090909091,0.3132183908045977,2.0223261408372357,2.0313928676473685,66.0,0.36363636363636365,0.3722988505747126,1.9436612328616056,1.924979528723092,0.35454545454545455,0.40436781609195405,1.9878739591078325,1.8589255262243336,0.32272727272727275,0.2913793103448276,2.018837099942294,2.0844084521545763
0.3281818181818182,0.31839080459770114,2.01289288000627,2.0194796241562942,67.0,0.3509090909090909,0.37080459770114943,1.9575221599232067,1.9231657169057035,0.3440909090909091,0.3994252873563218,1.9800959222966974,1.8655606855195144,0.3190909090909091,0.28954022988505745,2.0219824955680155,2.0857577544245225
0.32954545454545453,0.31505747126436784,2.0095117265527898,2.0210096443658587,68.0,0.36454545454545456,0.3662068965517241,1.9356586395610462,1.9183960667423818,0.3522727272727273,0.39873563218390806,1.9769151427529075,1.8612990470864308,0.30818181818181817,0.2964367816091954,2.0386738369681616,2.0813271007318606
0.32727272727272727,0.32045977011494253,2.0061321423270484,2.0095360098213986,69.0,0.35954545454545456,0.37873563218390804,1.9623581912300803,1.8995614763237965,0.3568181818181818,0.417816091954023,1.9739955815401944,1.8404552334204487,0.32727272727272727,0.28793103448275864,2.023529080477628,2.082423403838585
0.32227272727272727,0.323448275862069,2.01328745581887,2.006451253123667,70.0,0.36363636363636365,0.37942528735632186,1.941783605922352,1.9009711577974517,0.35363636363636364,0.4128735632183908,1.9767882139032538,1.8334238176236208,0.315,0.3002298850574713,2.0375887099179355,2.0699170768123936
0.3427272727272727,0.3214942528735632,1.9955066230080345,2.0123459938202783,71.0,0.3618181818181818,0.38057471264367815,1.9514565762606535,1.903067055625477,0.3527272727272727,0.4135632183908046,1.9779540625485508,1.835351298540488,0.31636363636363635,0.30758620689655175,2.0170710268887606,2.0791232063030374
0.33181818181818185,0.3240229885057471,2.00350565476851,2.0091399971095996,72.0,0.35863636363636364,0.3850574712643678,1.9749127023870294,1.89787266402409,0.35363636363636364,0.41379310344827586,1.986839353388006,1.8357464387499054,0.3377272727272727,0.2981609195402299,2.006758929165927,2.082021643156293
0.32272727272727275,0.32091954022988506,2.0160158096660266,1.998437982756516,73.0,0.3809090909090909,0.38298850574712645,1.9209084363417193,1.8930916984601953,0.355,0.4111494252873563,1.9732540772177956,1.8336758871736198,0.31227272727272726,0.30195402298850577,2.0393880740079013,2.0744831471059513
0.31727272727272726,0.3259770114942529,2.0220834870771927,2.0061819364832734,74.0,0.35863636363636364,0.38666666666666666,1.9501080547679555,1.8860670391718546,0.3513636363636364,0.4145977011494253,1.9808183921467175,1.8224200827499917,0.28909090909090907,0.30137931034482757,2.0985992587696423,2.0771081696433584
0.32227272727272727,0.3289655172413793,2.013450202074918,1.998092281133279,75.0,0.35909090909090907,0.3910344827586207,1.9452023072676226,1.8779701664804043,0.3368181818181818,0.42149425287356324,1.9934259301965886,1.8088597335486576,0.3259090909090909,0.3025287356321839,2.0125583457946776,2.0771223682096633
0.3231818181818182,0.33632183908045976,2.0326022520932283,1.9954379477446107,76.0,0.35454545454545455,0.3994252873563218,1.9551032933321866,1.8654553588779492,0.35,0.43103448275862066,2.012695051540028,1.8046804655009303,0.32272727272727275,0.2979310344827586,2.024560392553156,2.0693574643409116
0.32954545454545453,0.32413793103448274,2.0099414773420854,1.9964869954120155,77.0,0.345,0.3952873563218391,1.9702320541035045,1.8687227075949482,0.34954545454545455,0.43298850574712644,2.0006351999803025,1.8023706126487118,0.28954545454545455,0.29482758620689653,2.105202410437844,2.0692661413653144
0.32636363636363636,0.33091954022988507,2.00186767838218,1.9896229543905148,78.0,0.3609090909090909,0.39436781609195404,1.957677200490778,1.8663277952698456,0.3490909090909091,0.44298850574712645,1.997953972382979,1.7863884350349164,0.3004545454545455,0.3062068965517241,2.065898574482311,2.07016786060114
0.32,0.3396551724137931,2.006881217956543,1.9835447463770022,79.0,0.34545454545454546,0.4025287356321839,2.0029492777044124,1.8618540257421032,0.3477272727272727,0.43505747126436783,2.001006841659546,1.7946525492065255,0.33136363636363636,0.3041379310344828,2.022781676379117,2.068803606362178
0.33590909090909093,0.33586206896551724,2.001251081119884,1.979709166493909,80.0,0.3572727272727273,0.40954022988505745,1.9542524909973145,1.8609731914257182,0.36,0.4403448275862069,1.998363389968872,1.7856764518255475,0.335,0.3040229885057471,1.9956384667483242,2.067722289973292
0.33545454545454545,0.34183908045977013,1.995046366778287,1.972964888276725,81.0,0.3431818181818182,0.4114942528735632,1.9785118493166838,1.847986688887936,0.3472727272727273,0.44287356321839083,2.0006193603168834,1.776894890796179,0.3327272727272727,0.3080459770114943,2.0055966541983863,2.0543416965966936
0.32227272727272727,0.3445977011494253,2.0257894680716775,1.9741437673568725,82.0,0.3490909090909091,0.4086206896551724,1.967930544939908,1.848011139179098,0.3418181818181818,0.4417241379310345,2.0075179490176116,1.7796342888097654,0.31545454545454543,0.3139080459770115,2.0234291874278676,2.066680281299284
0.3281818181818182,0.3406896551724138,2.013051636435769,1.9788967360573253,83.0,0.35,0.4124137931034483,1.9775463425029407,1.8381438252021527,0.355,0.4503448275862069,2.0014368898218327,1.7668601468513752,0.3259090909090909,0.3085057471264368,2.0064522439783268,2.0685771841290355
0.3386363636363636,0.3468965517241379,1.9973826052925803,1.9717043062736248,84.0,0.3390909090909091,0.41563218390804596,2.02140717679804,1.8382696453730265,0.3372727272727273,0.45195402298850573,2.0312852677431974,1.7641565265874752,0.31363636363636366,0.312183908045977,2.0509135887839576,2.0572558729675996
0.33545454545454545,0.3535632183908046,2.0021618019450793,1.9665421339013112,85.0,0.37227272727272726,0.4225287356321839,1.9782785632393576,1.8183610203074312,0.3522727272727273,0.45379310344827584,2.0071289946816187,1.753516797197276,0.3195454545454545,0.3135632183908046,2.025065827803178,2.0539416131205943
0.3368181818181818,0.3496551724137931,1.9990322338451039,1.961101604110893,86.0,0.36363636363636365,0.427816091954023,1.950656842318448,1.8063680498079322,0.35409090909090907,0.4632183908045977,2.0039266378229317,1.738038454165404,0.3281818181818182,0.3135632183908046,2.0025097569552335,2.0500789453791475
0.3472727272727273,0.3567816091954023,1.9964949772574685,1.9575340891980577,87.0,0.35,0.4225287356321839,1.9631484213742343,1.8112465244052054,0.3431818181818182,0.45632183908045976,2.0171832379427825,1.7432449798474368,0.3190909090909091,0.3164367816091954,2.007103657288985,2.055424169891182
0.3418181818181818,0.35160919540229885,1.9934074410525235,1.9539273744341972,88.0,0.3522727272727273,0.43057471264367814,1.9754094071821733,1.796844732569552,0.3490909090909091,0.46160919540229883,2.014120089791038,1.7323733233857428,0.32045454545454544,0.3145977011494253,2.012296388799494,2.048370446939578
0.3377272727272727,0.35172413793103446,1.9959667725996537,1.9481449661035648,89.0,0.3518181818181818,0.4363218390804598,1.9661676467548717,1.7952074048162876,0.3481818181818182,0.4731034482758621,2.019173847545277,1.7250323326286228,0.32545454545454544,0.3203448275862069,1.9918324080380527,2.0408216154164283
0.3286363636363636,0.3588505747126437,2.009265783483332,1.9379740757777772,90.0,0.3613636363636364,0.4340229885057471,1.9723158550262452,1.7929318167149335,0.3459090909090909,0.47517241379310343,2.0351504187150433,1.716424305356782,0.33545454545454545,0.3196551724137931,1.9956565423445267,2.0355095090537234
0.32954545454545453,0.35183908045977014,2.0208788152174515,1.9548644375527042,91.0,0.3659090909090909,0.4335632183908046,1.9693315280567516,1.7920495425147571,0.3409090909090909,0.47011494252873565,2.0324053799022326,1.721539147585288,0.3427272727272727,0.3137931034482759,1.9997587784853847,2.0518175920946846
0.3377272727272727,0.3603448275862069,2.0034926761280407,1.9435249466183542,92.0,0.3390909090909091,0.4380459770114942,2.0210647522319447,1.7803237944635852,0.34454545454545454,0.47172413793103446,2.0308494593880395,1.7119367124842502,0.3240909090909091,0.32,2.025597922585227,2.0467094406040234
0.325,0.36908045977011494,2.0231563741510565,1.9351912593293463,93.0,0.3663636363636364,0.43942528735632186,1.9661125365170566,1.7766106705281925,0.3440909090909091,0.47597701149425287,2.024807767868042,1.7097231430842958,0.315,0.32459770114942527,2.018353165279735,2.039789287413674
0.3368181818181818,0.36379310344827587,2.0022969982840797,1.9450613085976962,94.0,0.36863636363636365,0.4362068965517241,1.9742563291029496,1.7771505058770893,0.3518181818181818,0.4771264367816092,2.0182555025274103,1.7099620657953722,0.3231818181818182,0.31264367816091954,2.004078578948975,2.050562101780683
0.3281818181818182,0.3627586206896552,1.9957268142700195,1.9363293762864737,95.0,0.3418181818181818,0.4454022988505747,2.030124040950428,1.7720970106672966,0.3527272727272727,0.4885057471264368,2.0254446151039818,1.700265029983959,0.3054545454545455,0.31517241379310346,2.060293254852295,2.0389201590658605
0.33181818181818185,0.3662068965517241,2.0008355288072064,1.9226971790708345,96.0,0.3527272727272727,0.45126436781609197,2.00296949820085,1.772669620185063,0.3468181818181818,0.4917241379310345,2.0308883788368917,1.6978028611479135,0.3463636363636364,0.32080459770114944,1.9699790581789884,2.030095527966817
0.33590909090909093,0.36919540229885056,2.0068727579983796,1.9200097287386313,97.0,0.37,0.45275862068965517,1.9476990630409934,1.7527132656930506,0.34954545454545455,0.4981609195402299,2.026288090619174,1.6901200812986528,0.3518181818181818,0.3250574712643678,1.9749443765120074,2.034630974736707
0.33136363636363636,0.36448275862068963,2.001298815987327,1.9251872009518503,98.0,0.3809090909090909,0.4639080459770115,1.9529067503322255,1.7403873480873546,0.355,0.49770114942528737,2.034417889334939,1.6716027024696614,0.33590909090909093,0.32413793103448274,1.999728422164917,2.032797118219836
0.32727272727272727,0.36977011494252876,2.0028110963648014,1.9204042948251483,99.0,0.37681818181818183,0.4686206896551724,1.9799858786843039,1.7312841633544571,0.35863636363636364,0.49712643678160917,2.039277868270874,1.6746851169103865,0.3527272727272727,0.3239080459770115,1.9764954549616034,2.0315001470193095
0.33454545454545453,0.36885057471264365,2.0021952949870716,1.9206426450575906,100.0,0.3690909090909091,0.46160919540229883,2.0089570661024614,1.7303068488767777,0.34363636363636363,0.49551724137931036,2.044503044648604,1.6675952328758679,0.335,0.3237931034482759,1.9722644641182638,2.031857109946766
0.3431818181818182,0.36931034482758623,2.003431505723433,1.9123126041478125,101.0,0.38545454545454544,0.4652873563218391,1.944468019658869,1.7253073162868104,0.35818181818181816,0.5018390804597701,2.0232043899189343,1.6614473973197499,0.3381818181818182,0.33,1.9770617970553312,2.020403742077707
0.3327272727272727,0.3795402298850575,2.0016796883669765,1.9116991712855196,102.0,0.36045454545454547,0.4729885057471264,2.0191226308996026,1.7168774717155544,0.3459090909090909,0.5082758620689655,2.0400736912814055,1.664375740467817,0.34863636363636363,0.3250574712643678,1.963645907315341,2.024762468228395
0.33090909090909093,0.37735632183908047,2.008596238222989,1.9072883582937306,103.0,0.36727272727272725,0.47977011494252875,1.9676079229875045,1.7058293806273361,0.345,0.5137931034482759,2.055856885910034,1.6433733846949434,0.30227272727272725,0.3291954022988506,2.0521739266135475,2.0267957984442
0.345,0.3814942528735632,1.9905509064414284,1.9047356488238807,104.0,0.36954545454545457,0.48149425287356323,1.9858786019411954,1.7019105141190276,0.34545454545454546,0.5137931034482759,2.0587031312422317,1.6428297739467401,0.32636363636363636,0.3354022988505747,2.019668217572299,2.0185635475728705
0.3409090909090909,0.377816091954023,2.0139557673714377,1.8986669114540362,105.0,0.36454545454545456,0.48586206896551726,2.0119913378628818,1.693195034005176,0.335,0.5147126436781609,2.0785344505310057,1.6427252903203855,0.35545454545454547,0.32689655172413795,1.9687890750711614,2.014929572576764
0.3422727272727273,0.39022988505747125,1.9964642377333208,1.8882304622387065,106.0,0.35909090909090907,0.4849425287356322,2.0079375622489235,1.6934894063006873,0.3386363636363636,0.5145977011494253,2.0643596553802492,1.635837926864624,0.31363636363636366,0.33057471264367816,2.0334089296514337,2.0176660705434863
0.3386363636363636,0.37919540229885057,2.005097176811912,1.8933313278768253,107.0,0.36818181818181817,0.4935632183908046,2.0088422814282505,1.6880962534608512,0.34954545454545455,0.5173563218390804,2.061029363112016,1.6333500202222802,0.31545454545454543,0.3349425287356322,2.020987346822565,2.013513173618536
0.3390909090909091,0.38620689655172413,1.9890104311162775,1.8829813750036832,108.0,0.3640909090909091,0.501264367816092,1.994415663805875,1.665376742023161,0.3527272727272727,0.5280459770114942,2.047746490131725,1.61306631855581,0.3286363636363636,0.3289655172413793,2.0105433585427024,2.0095278287207945
0.3286363636363636,0.3891954022988506,2.007785795385187,1.876452814189867,109.0,0.36272727272727273,0.496551724137931,2.027886470447887,1.670413224560091,0.3422727272727273,0.526551724137931,2.0567004802010276,1.6214480414883843,0.3372727272727273,0.33482758620689657,1.969012784090909,2.00226809983966
0.3331818181818182,0.3875862068965517,2.023647532896562,1.8827751149802372,110.0,0.3759090909090909,0.5014942528735632,1.988260257027366,1.664871438179893,0.3440909090909091,0.5305747126436782,2.0586021033200352,1.6078867885436134,0.33545454545454545,0.33425287356321837,2.005872099616311,2.0048867424055077
0.3418181818181818,0.3817241379310345,1.9982739500565962,1.890276795146109,111.0,0.3759090909090909,0.49057471264367813,1.982830840024081,1.6719046065999175,0.3459090909090909,0.5294252873563219,2.0565452116185967,1.609746852523979,0.29318181818181815,0.3354022988505747,2.148843076879328,2.0117700352065864
0.32181818181818184,0.3931034482758621,2.0255990123748777,1.8595807548501027,112.0,0.3709090909090909,0.5044827586206897,2.0072428477894175,1.6451523205329632,,,,,0.34045454545454545,0.3403448275862069,1.971687076741999,1.9998833275389398
0.33090909090909093,0.3903448275862069,2.029897676814686,1.8813845568141718,113.0,0.35909090909090907,0.505632183908046,2.016606766093861,1.6471830180595661,,,,,0.3322727272727273,0.3389655172413793,2.008995898853649,2.0047268983687476
0.33636363636363636,0.3955172413793103,1.9988758746060458,1.8637146913594214,114.0,0.3709090909090909,0.5139080459770115,2.018285155729814,1.632858510072204,,,,,0.35454545454545455,0.3328735632183908,1.9423269016092475,2.0002158876397145
0.32954545454545453,0.39229885057471264,2.014204810749401,1.8615839064806357,115.0,0.36272727272727273,0.5182758620689655,2.0202210729772396,1.6306134056770938,,,,,0.3377272727272727,0.3351724137931035,1.9885962399569426,1.9946359677150332
0.33181818181818185,0.3973563218390805,2.010118626681241,1.8617063299266772,116.0,0.3613636363636364,0.5214942528735632,2.03165977824818,1.6142363354255413,,,,,0.3577272727272727,0.34045977011494255,1.9413017025860873,1.994094564394019
0.3418181818181818,0.40206896551724136,2.0042456288771198,1.8537184219250733,117.0,0.3668181818181818,0.5213793103448275,2.0000607312809335,1.6182866408359045,,,,,0.3468181818181818,0.3395402298850575,1.9684357573769309,1.9911792575353864
0.3422727272727273,0.40218390804597703,2.0238671294125643,1.8523730103174845,118.0,0.3759090909090909,0.539080459770115,2.0142935770208186,1.5898706858733604,,,,,0.35454545454545455,0.3414942528735632,1.9670183641260321,1.9973223303652359
0.33590909090909093,0.40781609195402296,2.038597598509355,1.8403570365357673,119.0,0.37272727272727274,0.5327586206896552,2.017498044100675,1.5924970738093058,,,,,0.32545454545454544,0.34379310344827585,2.003879611275413,1.9913659289787555
0.3245454545454545,0.40873563218390807,2.027822581204501,1.8473821361585596,120.0,0.36727272727272725,0.5371264367816092,2.0309611701965333,1.5920357817068866,,,,,0.3659090909090909,0.34413793103448276,1.9332391253384678,1.986562451987431
0.33545454545454545,0.41160919540229884,2.0200546672127464,1.841002505839556,121.0,0.3795454545454545,0.5340229885057471,2.0021768873388117,1.5940466771180601,,,,,0.345,0.34597701149425286,1.9621350383758545,1.9906807431407358
0.33136363636363636,0.4145977011494253,2.0208541818098587,1.8306793167947353,122.0,0.37636363636363634,0.5418390804597701,2.0289385639537465,1.58109646950645,,,,,0.36,0.34379310344827585,1.9478230181607332,1.9868574572157587
0.34136363636363637,0.41724137931034483,2.026686178554188,1.8276892337031747,123.0,0.37363636363636366,0.5495402298850575,2.0155346939780494,1.5729310202872615,,,,,0.3340909090909091,0.35195402298850575,1.9937534895810214,1.9789696462126984
0.3381818181818182,0.41908045977011493,2.033957576751709,1.821080615054602,124.0,,,,,,,,,0.36772727272727274,0.34448275862068967,1.935080059224909,1.9837347699855936
0.3368181818181818,0.4129885057471264,2.0208034602078526,1.8362290554485101,125.0,,,,,,,,,0.36318181818181816,0.34045977011494255,1.9406164862892845,1.9878076612538305
0.33454545454545453,0.4196551724137931,2.0185396099090576,1.822168838237894,126.0,,,,,,,,,0.35045454545454546,0.34954022988505745,1.9607239046963778,1.9877925666721388
0.3209090909090909,0.4204597701149425,2.029006302573464,1.8126118772879414,127.0,,,,,,,,,0.3427272727272727,0.3466666666666667,1.9625448695096102,1.9827721747036637
0.3368181818181818,0.4296551724137931,2.01630146373402,1.8106421319369612,128.0,,,,,,,,,0.3704545454545455,0.34793103448275864,1.9324799789081921,1.9854831530033856
0.33136363636363636,0.42735632183908046,2.020010847611861,1.8120987785273586,129.0,,,,,,,,,0.3568181818181818,0.3467816091954023,1.9468092849037864,1.9781144937427564
0.3259090909090909,0.42770114942528736,2.031884428371083,1.7975855650846986,130.0,,,,,,,,,0.36772727272727274,0.34218390804597704,1.9253898924047297,1.972749148730574
0.3245454545454545,0.4250574712643678,2.0414103759418833,1.8018122744834286,131.0,,,,,,,,,0.33954545454545454,0.3520689655172414,1.9544200325012206,1.9743021743599025
0.3336363636363636,0.42931034482758623,2.033332833376798,1.7937887648330337,132.0,,,,,,,,,0.34863636363636363,0.3505747126436782,1.9750502846457743,1.971971935842229
0.3427272727272727,0.42931034482758623,2.024486693468961,1.8032379393193914,133.0,,,,,,,,,0.37,0.35586206896551725,1.927427302273837,1.9758042265354903
0.33636363636363636,0.4325287356321839,2.034330980127508,1.78612111371139,134.0,,,,,,,,,0.3690909090909091,0.3563218390804598,1.9268881398981268,1.9692090401704283
0.3281818181818182,0.43839080459770113,2.041621958992698,1.7789551437860247,135.0,,,,,,,,,0.37,0.35149425287356323,1.9477161147377708,1.9667428553241424
0.33,0.43908045977011495,2.0447651420940054,1.7777569320284088,136.0,,,,,,,,,0.3609090909090909,0.35413793103448277,1.961974897818132,1.97066233865146
0.3368181818181818,0.43724137931034485,2.027485130483454,1.782663039229382,137.0,,,,,,,,,0.3459090909090909,0.3560919540229885,1.9848877967487681,1.9607613952680565
0.3390909090909091,0.43896551724137933,2.032889663522894,1.779040963731963,138.0,,,,,,,,,0.3795454545454545,0.35517241379310344,1.9280470874092797,1.9685434332661245
0.3381818181818182,0.445632183908046,2.040462193922563,1.7732761471847007,139.0,,,,,,,,,0.33590909090909093,0.3503448275862069,2.025287549278953,1.9636743441395377
0.3418181818181818,0.43724137931034485,2.0334723455255683,1.7766038712139787,140.0,,,,,,,,,0.3609090909090909,0.35551724137931034,1.9687602875449441,1.963197018579505
0.3386363636363636,0.43839080459770113,2.036923900951039,1.7724000590971147,141.0,,,,,,,,,0.35909090909090907,0.3606896551724138,1.9581330732865767,1.9536918297033201
0.3340909090909091,0.4467816091954023,2.054509204517711,1.762810826959281,142.0,,,,,,,,,0.37727272727272726,0.35011494252873565,1.9240471241690895,1.969204147053861
0.33636363636363636,0.4457471264367816,2.0429700409282336,1.7575209904813218,143.0,,,,,,,,,0.38181818181818183,0.3610344827586207,1.934495896426114,1.9715548685227318
0.3527272727272727,0.4510344827586207,2.033447936664928,1.758311045087617,144.0,,,,,,,,,0.37136363636363634,0.357816091954023,1.927932156649503,1.9573027073651894
0.3372727272727273,0.45827586206896553,2.0584024637395686,1.7485050498480084,145.0,,,,,,,,,0.3568181818181818,0.3645977011494253,1.9785232934084807,1.9533310216048667
0.3372727272727273,0.4560919540229885,2.054282020222057,1.7359506963313311,146.0,,,,,,,,,0.3859090909090909,0.3566666666666667,1.91880052393133,1.958692739256497
0.33954545454545454,0.4454022988505747,2.0379895851828835,1.7589783034379456,147.0,,,,,,,,,0.3831818181818182,0.354367816091954,1.9059415778246793,1.961396214605748
0.3431818181818182,0.4591954022988506,2.03492300640453,1.7304758613959126,148.0,,,,,,,,,0.34454545454545454,0.35804597701149427,1.9835584536465731,1.9496454587476006
0.33636363636363636,0.4560919540229885,2.0579537053541705,1.7428930632821444,149.0,,,,,,,,,0.3572727272727273,0.35908045977011493,1.9492963998967952,1.9541597116952656
0.3340909090909091,0.45908045977011497,2.0460628058693624,1.734664804853242,150.0,,,,,,,,,0.38227272727272726,0.3581609195402299,1.9253725615414705,1.9557032818629825
0.335,0.46793103448275863,2.0477746304598723,1.7249080497917089,151.0,,,,,,,,,0.3886363636363636,0.3686206896551724,1.9039893393083052,1.951195389977817
0.335,0.46482758620689657,2.074134580438787,1.714891455146088,152.0,,,,,,,,,0.38227272727272726,0.36195402298850576,1.9120340646396983,1.942312895018479
0.3331818181818182,0.4686206896551724,2.0608303980393843,1.7183646190029451,153.0,,,,,,,,,0.3609090909090909,0.3586206896551724,1.9496405748887495,1.9522397670526614
0.3331818181818182,0.47758620689655173,2.0670754025199196,1.7092760280082966,154.0,,,,,,,,,0.37636363636363634,0.362183908045977,1.9360995535417036,1.9457994879799327
0.3340909090909091,0.4668965517241379,2.055680620887063,1.726481753162954,155.0,,,,,,,,,0.38545454545454544,0.35908045977011493,1.9205442957444625,1.9475173906348218
0.3336363636363636,0.46839080459770116,2.059561789252541,1.7198877928174776,156.0,,,,,,,,,0.37272727272727274,0.3610344827586207,1.950792969790372,1.949673584028222
0.34363636363636363,0.4689655172413793,2.063817024230957,1.72161885486252,157.0,,,,,,,,,0.3690909090909091,0.3632183908045977,1.9461562009291216,1.9490718774685913
0.33545454545454545,0.47942528735632184,2.0663055237856778,1.7043753819630063,158.0,,,,,,,,,0.38045454545454543,0.35942528735632184,1.928079040700739,1.9508360807374976
,,,,,,,,,,,,,0.36363636363636365,0.37126436781609196,1.9578271484375,1.934256480315636
,,,,,,,,,,,,,0.3790909090909091,0.3696551724137931,1.9172847882184116,1.9330439056747262
,,,,,,,,,,,,,0.38136363636363635,0.36919540229885056,1.8943431880257346,1.9425814151215828
,,,,,,,,,,,,,0.37272727272727274,0.3667816091954023,1.9171329056132924,1.937274710775792
,,,,,,,,,,,,,0.38772727272727275,0.36977011494252876,1.8964844079451126,1.9339123181090958
,,,,,,,,,,,,,0.3718181818181818,0.37264367816091953,1.9206524415449662,1.931779113199519
,,,,,,,,,,,,,0.3481818181818182,0.3659770114942529,1.9792008096521552,1.9369702324922058
,,,,,,,,,,,,,0.3840909090909091,0.3585057471264368,1.9087837860801002,1.93702054977417
,,,,,,,,,,,,,0.3795454545454545,0.3625287356321839,1.9059936735846779,1.93506002738558
,,,,,,,,,,,,,0.375,0.3704597701149425,1.9199929159337823,1.9308734540281625
,,,,,,,,,,,,,0.3659090909090909,0.3639080459770115,1.9208695411682128,1.933537545094545
,,,,,,,,,,,,,0.39136363636363636,0.3685057471264368,1.8869779092615302,1.9309889212970075
,,,,,,,,,,,,,0.35863636363636364,0.37298850574712644,1.9543666163357822,1.9209494429073115
,,,,,,,,,,,,,0.37272727272727274,0.3736781609195402,1.9097913031144576,1.9265398803798632
,,,,,,,,,,,,,0.3840909090909091,0.36885057471264365,1.8881499307805842,1.9256798575390344
,,,,,,,,,,,,,0.3790909090909091,0.383448275862069,1.9276162173531273,1.9107383166236438
,,,,,,,,,,,,,0.3881818181818182,0.3767816091954023,1.8844114338267932,1.9104723915012403
,,,,,,,,,,,,,0.3922727272727273,0.37873563218390804,1.8931370943242853,1.9167134448303573
,,,,,,,,,,,,,0.3968181818181818,0.37517241379310345,1.881863856749101,1.9227265578302843
,,,,,,,,,,,,,0.3886363636363636,0.38080459770114944,1.8974159509485418,1.920358345919642
,,,,,,,,,,,,,0.3831818181818182,0.37298850574712644,1.903477706042203,1.9190648874195142
,,,,,,,,,,,,,0.36818181818181817,0.3817241379310345,1.9514445452256637,1.9106611750043672
,,,,,,,,,,,,,0.38772727272727275,0.3781609195402299,1.9073967084017667,1.9143034966786703
,,,,,,,,,,,,,0.3845454545454545,0.38333333333333336,1.9003156436573376,1.9074915017752812
,,,,,,,,,,,,,0.3840909090909091,0.38057471264367815,1.8900490301305597,1.9004216449562161
,,,,,,,,,,,,,0.3840909090909091,0.3874712643678161,1.9191174238378352,1.897465863666315
,,,,,,,,,,,,,0.3809090909090909,0.3720689655172414,1.9018708090348677,1.9203636803572206
,,,,,,,,,,,,,0.38636363636363635,0.3803448275862069,1.9090950176932595,1.9126746829898877
,,,,,,,,,,,,,0.3859090909090909,0.37873563218390804,1.9007749236713756,1.907082436002534
,,,,,,,,,,,,,0.3663636363636364,0.3837931034482759,1.9279370481317692,1.9004214678139522
,,,,,,,,,,,,,0.37545454545454543,0.3836781609195402,1.9107450688969005,1.8967932231946922
,,,,,,,,,,,,,0.38772727272727275,0.3903448275862069,1.8909079438989813,1.8985902536326442
,,,,,,,,,,,,,0.4031818181818182,0.3814942528735632,1.8817075261202725,1.9053872420870024
,,,,,,,,,,,,,0.39136363636363636,0.3820689655172414,1.8933713964982466,1.8977682586099909
,,,,,,,,,,,,,0.39136363636363636,0.3825287356321839,1.8908584083210338,1.8853185644917105
,,,,,,,,,,,,,0.4018181818181818,0.38839080459770114,1.8644225250590931,1.888360518861091
,,,,,,,,,,,,,0.39136363636363636,0.3910344827586207,1.8938878414847633,1.8915614365983284
,,,,,,,,,,,,,0.3654545454545455,0.3877011494252874,1.9750982509959827,1.8918068837571418
,,,,,,,,,,,,,0.4009090909090909,0.3891954022988506,1.8789328128641303,1.8969844663554225
,,,,,,,,,,,,,0.39136363636363636,0.39206896551724135,1.9170675225691363,1.886577291269412
,,,,,,,,,,,,,0.39136363636363636,0.395632183908046,1.8840883432735096,1.8832218479836125
,,,,,,,,,,,,,0.3936363636363636,0.391264367816092,1.8791803620078347,1.892045823184923
,,,,,,,,,,,,,0.40636363636363637,0.39655172413793105,1.8729948156530207,1.881511856495649
,,,,,,,,,,,,,0.4,0.38666666666666666,1.8726072935624556,1.889036911164207
,,,,,,,,,,,,,0.3972727272727273,0.39666666666666667,1.8738873425397007,1.876890542096105
,,,,,,,,,,,,,0.38136363636363635,0.3986206896551724,1.8831755273992365,1.8815294713535529
,,,,,,,,,,,,,0.38727272727272727,0.3949425287356322,1.902357384074818,1.8720165738292125
,,,,,,,,,,,,,0.3972727272727273,0.38804597701149424,1.898011345429854,1.875514927568107
,,,,,,,,,,,,,0.39954545454545454,0.4017241379310345,1.8866592277180065,1.8671187845865886
,,,,,,,,,,,,,0.41545454545454547,0.391264367816092,1.8617068295045331,1.8749908149105379
,,,,,,,,,,,,,0.3881818181818182,0.4013793103448276,1.9486978383497757,1.864403594006067
,,,,,,,,,,,,,0.38227272727272726,0.3936781609195402,1.915289777842435,1.879412562764924
,,,,,,,,,,,,,0.4018181818181818,0.4014942528735632,1.8873373439095238,1.8640557610303505
,,,,,,,,,,,,,0.38636363636363635,0.3991954022988506,1.8961486859755083,1.86149283392676
,,,,,,,,,,,,,0.3936363636363636,0.40620689655172415,1.889385782588612,1.8558790126888232
,,,,,,,,,,,,,0.3809090909090909,0.3955172413793103,1.92626858884638,1.870054552856533
,,,,,,,,,,,,,0.4009090909090909,0.4017241379310345,1.8674294857545333,1.8623134586728853
,,,,,,,,,,,,,0.40045454545454545,0.4090804597701149,1.8773297847401011,1.8490845684073438
,,,,,,,,,,,,,0.41045454545454546,0.4054022988505747,1.8576348556171765,1.8638510530844503
,,,,,,,,,,,,,0.39954545454545454,0.4032183908045977,1.865886214429682,1.8565305225328468
,,,,,,,,,,,,,0.4077272727272727,0.39632183908045976,1.8850855818661776,1.8648582003582483
,,,,,,,,,,,,,0.40545454545454546,0.4048275862068966,1.858522608496926,1.8576220629681115
,,,,,,,,,,,,,0.4036363636363636,0.39816091954022986,1.8709191478382456,1.8577691943618073
,,,,,,,,,,,,,0.3881818181818182,0.39827586206896554,1.9435039650310169,1.8599816166121383
,,,,,,,,,,,,,0.41,0.40045977011494255,1.8597509518536655,1.8517064921061197
,,,,,,,,,,,,,0.36954545454545457,0.40988505747126436,1.9425053223696622,1.84620011033683
,,,,,,,,,,,,,0.4109090909090909,0.41011494252873565,1.8671685574271462,1.8418887282514025
,,,,,,,,,,,,,0.38227272727272726,0.4050574712643678,1.9553435585715555,1.8504987975372664
,,,,,,,,,,,,,0.4036363636363636,0.40735632183908044,1.8709607705202969,1.8474902683564987
,,,,,,,,,,,,,0.4022727272727273,0.41195402298850575,1.876293781453913,1.8367793627991074
,,,,,,,,,,,,,0.385,0.40770114942528735,1.9032924487374046,1.8449531820450706
,,,,,,,,,,,,,0.40636363636363637,0.4188505747126437,1.8767444714632902,1.8380995451170823
,,,,,,,,,,,,,0.42363636363636364,0.41011494252873565,1.8397321805087004,1.8469015032121505
,,,,,,,,,,,,,0.4059090909090909,0.4160919540229885,1.9162671175870027,1.8405050728238863
,,,,,,,,,,,,,0.4177272727272727,0.4203448275862069,1.8646043933521617,1.8331901862703521
,,,,,,,,,,,,,0.4027272727272727,0.4111494252873563,1.8645255331559614,1.8411754723252922
,,,,,,,,,,,,,0.4036363636363636,0.4174712643678161,1.8673182556845924,1.8295182291666667
,,,,,,,,,,,,,0.415,0.41367816091954024,1.8492976292696865,1.8334738744538406
,,,,,,,,,,,,,0.3990909090909091,0.4174712643678161,1.8763345822420987,1.823673592709947
,,,,,,,,,,,,,0.4127272727272727,0.4148275862068965,1.8616776865178888,1.8222536404927572
,,,,,,,,,,,,,0.415,0.4196551724137931,1.8441256523132323,1.821315609723672
,,,,,,,,,,,,,0.4036363636363636,0.41563218390804596,1.8671104114705865,1.822521148769335
,,,,,,,,,,,,,0.4218181818181818,0.417816091954023,1.8599539240923795,1.825135983817879
,,,,,,,,,,,,,0.4209090909090909,0.41195402298850575,1.8532757113196634,1.83073571988906
,,,,,,,,,,,,,0.41045454545454546,0.41229885057471266,1.8562494633414528,1.832707936297888
,,,,,,,,,,,,,0.4081818181818182,0.41770114942528735,1.8427620645002885,1.8161535483393176
,,,,,,,,,,,,,0.42045454545454547,0.41770114942528735,1.8456859610297462,1.8150559662676407
,,,,,,,,,,,,,0.415,0.42540229885057473,1.8425332281806253,1.8180378332905385
,,,,,,,,,,,,,0.4131818181818182,0.42367816091954025,1.8726193367351185,1.816813270799045
,,,,,,,,,,,,,0.40863636363636363,0.4226436781609195,1.8648882601477883,1.8109852714648191
,,,,,,,,,,,,,0.4009090909090909,0.4306896551724138,1.8783061261610552,1.806320945257428
,,,,,,,,,,,,,0.42272727272727273,0.4168965517241379,1.8448029648173938,1.8119434298592052
,,,,,,,,,,,,,0.4122727272727273,0.42195402298850576,1.843015051755038,1.815831131770693
,,,,,,,,,,,,,0.425,0.41724137931034483,1.826058120727539,1.813360229031793
,,,,,,,,,,,,,0.41909090909090907,0.43091954022988505,1.8386576973308217,1.8029250141121875
,,,,,,,,,,,,,0.4040909090909091,0.42586206896551726,1.9013503152673894,1.8028513145446778
,,,,,,,,,,,,,0.41409090909090907,0.43344827586206897,1.8634952302412553,1.797346449062742
,,,,,,,,,,,,,0.4172727272727273,0.4318390804597701,1.8431819135492498,1.8012762163425313
,,,,,,,,,,,,,0.4177272727272727,0.42011494252873566,1.851593997261741,1.8028911371340697
,,,,,,,,,,,,,0.4218181818181818,0.4306896551724138,1.838706182566556,1.795523548455074
,,,,,,,,,,,,,0.4036363636363636,0.4322988505747126,1.8531710928136653,1.7893945560784175
,,,,,,,,,,,,,0.4009090909090909,0.43103448275862066,1.9041866588592529,1.7957580377863742
,,,,,,,,,,,,,0.4177272727272727,0.43689655172413794,1.8463220544294878,1.790182102740496
,,,,,,,,,,,,,0.4127272727272727,0.43057471264367814,1.8685221706737172,1.8029886772988857
,,,,,,,,,,,,,0.4213636363636364,0.432183908045977,1.8299250316619873,1.7953755726211373
,,,,,,,,,,,,,0.3990909090909091,0.43275862068965515,1.931303111856634,1.7916249438537948
,,,,,,,,,,,,,0.4309090909090909,0.4341379310344828,1.8220083644173362,1.792538405560899
,,,,,,,,,,,,,0.40136363636363637,0.4360919540229885,1.891792899912054,1.7913643633634195
,,,,,,,,,,,,,0.41863636363636364,0.4393103448275862,1.8469532762874257,1.7892977831281465
,,,,,,,,,,,,,0.4122727272727273,0.43908045977011495,1.8880031074177135,1.7812028293500002
,,,,,,,,,,,,,0.42454545454545456,0.443448275862069,1.8437590989199553,1.7712144364981817
,,,,,,,,,,,,,0.40454545454545454,0.44080459770114944,1.8835587319460783,1.7788343215810842
,,,,,,,,,,,,,0.3986363636363636,0.4493103448275862,1.8740975509990345,1.7755941360298244
,,,,,,,,,,,,,0.41545454545454547,0.4345977011494253,1.874038260199807,1.7747247266769408
,,,,,,,,,,,,,0.4177272727272727,0.4363218390804598,1.8472162879597056,1.784288948979871
,,,,,,,,,,,,,0.4113636363636364,0.4460919540229885,1.8595183658599854,1.7587353597290214
,,,,,,,,,,,,,0.41454545454545455,0.442183908045977,1.8778952845660124,1.780317448747569
,,,,,,,,,,,,,0.4168181818181818,0.4442528735632184,1.8577982087568803,1.7710340685131907
,,,,,,,,,,,,,0.4027272727272727,0.442183908045977,1.8919552196155895,1.7651597649475623
,,,,,,,,,,,,,0.4177272727272727,0.4549425287356322,1.865427291176536,1.7478637312746597
,,,,,,,,,,,,,0.4240909090909091,0.4472413793103448,1.8342120404676958,1.7642245082745607
,,,,,,,,,,,,,0.4168181818181818,0.4557471264367816,1.8415439410643144,1.7548863933826315
,,,,,,,,,,,,,0.41409090909090907,0.4489655172413793,1.8513009574196555,1.7586079689552043
,,,,,,,,,,,,,0.4159090909090909,0.4467816091954023,1.841215238571167,1.758883468858127
,,,,,,,,,,,,,0.41909090909090907,0.455632183908046,1.8315955352783204,1.7450703820963016
,,,,,,,,,,,,,0.4027272727272727,0.44908045977011496,1.898308130611073,1.7589619699565844
,,,,,,,,,,,,,0.41909090909090907,0.45264367816091955,1.8665216528285633,1.755481244777811
,,,,,,,,,,,,,0.4122727272727273,0.4571264367816092,1.8473732085661454,1.7496928624449104
,,,,,,,,,,,,,0.4040909090909091,0.45413793103448274,1.8970374367453835,1.7523225088777212
,,,,,,,,,,,,,0.41,0.4594252873563218,1.8723228246515446,1.7449763950260206
,,,,,,,,,,,,,0.39045454545454544,0.45850574712643677,1.9061157989501953,1.7358607320675905
,,,,,,,,,,,,,0.40954545454545455,0.4674712643678161,1.8738250836459074,1.7350594938760517
,,,,,,,,,,,,,0.4118181818181818,0.46091954022988507,1.8466201929612593,1.7341951062213414
,,,,,,,,,,,,,0.42,0.4625287356321839,1.8363048696517945,1.7270891272884676
,,,,,,,,,,,,,0.4163636363636364,0.45988505747126435,1.828010605465282,1.7485435405270806
,,,,,,,,,,,,,0.41909090909090907,0.46229885057471265,1.8401783553036777,1.7276110491259344
,,,,,,,,,,,,,0.4118181818181818,0.4667816091954023,1.8612763040715998,1.7282890457942568
,,,,,,,,,,,,,0.4081818181818182,0.4579310344827586,1.8519424945657903,1.7381310428970163
,,,,,,,,,,,,,0.4177272727272727,0.46379310344827585,1.8561139891364358,1.7290901263006802
,,,,,,,,,,,,,0.4304545454545455,0.46264367816091956,1.827627239227295,1.7296741033422536
,,,,,,,,,,,,,0.4172727272727273,0.4652873563218391,1.8835542592135344,1.7286022629683044
,,,,,,,,,,,,,0.4222727272727273,0.45977011494252873,1.846547075618397,1.724580497796508
,,,,,,,,,,,,,0.41454545454545455,0.4666666666666667,1.8615863930095327,1.7158258523064098
,,,,,,,,,,,,,0.4218181818181818,0.4713793103448276,1.849963679747148,1.722192539456247
,,,,,,,,,,,,,0.4172727272727273,0.47770114942528735,1.84198035586964,1.7050229451848173
,,,,,,,,,,,,,0.42045454545454547,0.4747126436781609,1.872762819636952,1.7096070512683912
,,,,,,,,,,,,,0.41954545454545455,0.46586206896551724,1.8472919975627553,1.7204045203088343
,,,,,,,,,,,,,0.4172727272727273,0.47264367816091957,1.8464499425888061,1.7083946635805327
,,,,,,,,,,,,,0.41818181818181815,0.482183908045977,1.8728225768696178,1.6983450299295886
,,,,,,,,,,,,,0.4268181818181818,0.47735632183908044,1.838943641835993,1.7029792052301866
,,,,,,,,,,,,,0.42727272727272725,0.47839080459770117,1.8377961626919832,1.7018095333822842
,,,,,,,,,,,,,0.41,0.47586206896551725,1.863914946642789,1.7028397999138667
,,,,,,,,,,,,,0.42318181818181816,0.47574712643678163,1.8615288769115101,1.7027361133180816
,,,,,,,,,,,,,0.4268181818181818,0.4774712643678161,1.8356302599473433,1.6965503918439493
,,,,,,,,,,,,,0.4172727272727273,0.47563218390804596,1.8696886990287087,1.7046337191263834
,,,,,,,,,,,,,0.42818181818181816,0.47954022988505746,1.8437533885782416,1.6977744900495157
,,,,,,,,,,,,,0.42363636363636364,0.4789655172413793,1.8510631136460738,1.6948105000901497
